SNP	rsID	chr	left_500kb	right_500kb	locusID
chr1:8437247:T:A	rs301802	chr1	7937247	8937247	chr1:7937247-8937247
chr1:145928008:T:A	rs71582802	chr1	145428008	146428008	chr1:145428008-146428008
chr1:155236376:C:T	rs2230288	chr1	154736376	155736376	chr1:154736376-155736376
chr1:205770138:C:T	rs708723	chr1	205270138	206270138	chr1:205270138-206270138
chr1:226731418:A:G	rs10495249	chr1	226231418	227231418	chr1:226231418-227231418
chr1:232527120:C:G	rs6424233	chr1	232027120	233027120	chr1:232027120-233027120
chr2:69465874:C:T	rs9309428	chr2	68965874	69965874	chr2:68965874-69965874
chr2:96841135:G:A	rs11897786	chr2	96341135	97341135	chr2:96341135-97341135
chr2:134834675:T:C	rs6758044	chr2	134334675	135334675	chr2:134334675-135334675
chr2:152862205:C:G	rs7607599	chr2	152362205	153362205	chr2:152362205-153362205
chr2:168260515:G:T	rs2102808	chr2	167760515	168760515	chr2:167760515-168760515
chr3:161306420:G:A	rs13062740	chr3	160806420	161806420	chr3:160806420-161806420
chr3:2182935:C:G	rs9827746	chr3	1682935	2682935	chr3:1682935-2682935
chr3:7024398:G:A	rs17046610	chr3	6524398	7524398	chr3:6524398-7524398
chr3:18247575:C:A	rs73034368	chr3	17747575	18747575	chr3:17747575-18747575
chr3:28670613:C:T	rs7644788	chr3	28170613	29170613	chr3:28170613-29170613
chr3:179199217:A:G	rs3729674	chr3	178699217	179699217	chr3:178699217-179699217
chr3:183010401:CTAGG:C	rs5854965	chr3	182510401	183510401	chr3:182510401-183510401
chr4:958159:T:C	rs34311866	chr4	458159	1458159	chr4:458159-1458159
chr4:15728523:G:T	rs34559912	chr4	15228523	16228523	chr4:15228523-16228523
chr4:18033627:A:G	rs2061455	chr4	17533627	18533627	chr4:17533627-18533627
chr4:76277833:C:T	rs6812193	chr4	75777833	76777833	chr4:75777833-76777833
chr4:89704960:G:A	rs356182	chr4	89204960	90204960	chr4:89204960-90204960
chr5:60994859:G:A	rs162246	chr5	60494859	61494859	chr5:60494859-61494859
chr5:76320134:A:G	rs2972853	chr5	75820134	76820134	chr5:75820134-76820134
chr6:32652425:G:A	rs41269974	chr6	32152425	33152425	chr6:32152425-33152425
chr6:69800237:T:G	rs6455344	chr6	69300237	70300237	chr6:69300237-70300237
chr6:111836412:T:C	rs13340407	chr6	111336412	112336412	chr6:111336412-112336412
chr6:132797077:A:G	rs41286192	chr6	132297077	133297077	chr6:132297077-133297077
chr7:23220895:G:A	rs1637192	chr7	22720895	23720895	chr7:22720895-23720895
chr8:9228882:T:A	rs330047	chr8	8728882	9728882	chr8:8728882-9728882
chr8:11853648:A:C	rs1293296	chr8	11353648	12353648	chr8:11353648-12353648
chr8:16840070:T:G	rs620490	chr8	16340070	17340070	chr8:16340070-17340070
chr8:22647951:G:C	rs76856898	chr8	22147951	23147951	chr8:22147951-23147951
chr9:17724258:A:G	rs10810835	chr9	17224258	18224258	chr9:17224258-18224258
chr9:33721937:A:G	rs10514827	chr9	33221937	34221937	chr9:33221937-34221937
chr10:119651405:C:T	rs144814361	chr10	119151405	120151405	chr10:119151405-120151405
chr11:83789062:A:G	rs12284617	chr11	83289062	84289062	chr11:83289062-84289062
chr11:10511626:C:T	rs4910150	chr11	10011626	11011626	chr11:10011626-11011626
chr11:133944573:C:T	rs28428505	chr11	133444573	134444573	chr11:133444573-134444573
chr12:40340400:G:A	rs34637584	chr12	39840400	40840400	chr12:39840400-40840400
chr12:71785666:C:T	rs61754230	chr12	71285666	72285666	chr12:71285666-72285666
chr12:122842051:G:T	rs10847864	chr12	122342051	123342051	chr12:122342051-123342051
chr14:54882151:C:T	rs11158026	chr14	54382151	55382151	chr14:54382151-55382151
chr14:87949673:G:A	rs3213916	chr14	87449673	88449673	chr14:87449673-88449673
chr15:61701503:G:A	rs4774417	chr15	61201503	62201503	chr15:61201503-62201503
chr16:1666009:A:C	rs8058190	chr16	1166009	2166009	chr16:1166009-2166009
chr16:19267278:GT:G	rs11286714	chr16	18767278	19767278	chr16:18767278-19767278
chr16:31046479:G:A	rs11862744	chr16	30546479	31546479	chr16:30546479-31546479
chr16:52593329:TAAGA:T	rs35561035	chr16	52093329	53093329	chr16:52093329-53093329
chr17:42554255:C:A	rs676387	chr17	42054255	43054255	chr17:42054255-43054255
chr17:46183562:G:GGAGGAGA	rs369462772	chr17	45683562	46683562	chr17:45683562-46683562
chr17:62109174:G:A	rs11657294	chr17	61609174	62609174	chr17:61609174-62609174
chr18:34071260:T:C	rs34977745	chr18	33571260	34571260	chr18:33571260-34571260
chr18:43097400:A:G	rs8085083	chr18	42597400	43597400	chr18:42597400-43597400
chr21:37519947:A:G	rs11701836	chr21	37019947	38019947	chr21:37019947-38019947
chr21:45161847:C:A	rs8130097	chr21	44661847	45661847	chr21:44661847-45661847
