rsID,SNP(hg38),Cohort,BETA,SE,P,OR,L95,U95
rs144814361,chr10:119651405:C:T,Female [ALL],0.3569,0.04992457497847578,8.755e-13,1.428892973411833,1.2956957804167228,1.5757828035907038
rs144814361,chr10:119651405:C:T,Male [ALL],0.3431,0.0421172326479952,3.752e-16,1.4093096858487222,1.297643885095164,1.5305846337659639
rs144814361,chr10:119651405:C:T,Female [EUR],0.3569,0.04992457497847578,8.755e-13,1.428892973411833,1.2956957804167228,1.5757828035907038
rs144814361,chr10:119651405:C:T,Male [EUR],0.3431,0.0421172326479952,3.752e-16,1.4093096858487222,1.297643885095164,1.5305846337659639
rs144814361,chr10:119651405:C:T,Female [Biobank],0.3495,0.07719820352507023,5.974e-06,1.418358192172844,1.2191958731864252,1.6500547660533347
rs144814361,chr10:119651405:C:T,Male [Biobank],0.3923,0.06480022227966904,1.413e-09,1.4803817593195663,1.3038110651674941,1.6808648215027682
rs144814361,chr10:119651405:C:T,Female [CC],0.3622,0.06545121074389935,3.132e-08,1.4364862104746379,1.2635378791553893,1.633107061470231
rs144814361,chr10:119651405:C:T,Male [CC],0.3071,0.05541650499143781,2.996e-08,1.359476908965719,1.2195520878389883,1.5154559484916341
rs4910150,chr11:10511626:C:T,Female [ALL],-0.1172,0.02116822644944834,3.084e-08,0.8894072939152965,0.8532610644668817,0.9270847662127609
rs4910150,chr11:10511626:C:T,Male [ALL],-0.0482,0.018298172629861238,0.008435,0.9529431793814942,0.9193720297541575,0.9877401897603293
rs4910150,chr11:10511626:C:T,Female [EUR],-0.1257,0.02159659159304139,5.872e-09,0.8818793709140867,0.8453290496773437,0.9200100542394378
rs4910150,chr11:10511626:C:T,Male [EUR],-0.0514,0.018789054753214893,0.006226,0.9498986350763723,0.9155534370526679,0.9855322260868202
rs4910150,chr11:10511626:C:T,Female [AJ],0.0899,0.10650091403552293,0.3986,1.094064871747529,0.8879482706053198,1.348026662381976
rs4910150,chr11:10511626:C:T,Male [AJ],0.0107,0.08045619112162607,0.8942,1.0107574497211693,0.8632990409970569,1.1834029387857559
rs4910150,chr11:10511626:C:T,Female [Biobank],-0.0801,0.035017271552818176,0.02217,0.9230240393674249,0.8617984501031092,0.9885993379870015
rs4910150,chr11:10511626:C:T,Male [Biobank],-0.0109,0.030104706890498868,0.7173,0.9891591897487125,0.9324821912466271,1.0492810606455305
rs4910150,chr11:10511626:C:T,Female [CC],-0.1429,0.026482412285396776,6.813e-08,0.8668407486362932,0.8229946918528607,0.9130227581475957
rs4910150,chr11:10511626:C:T,Male [CC],-0.0703,0.023082317283433396,0.002322,0.9321141437135029,0.8908837406710223,0.975252703855994
rs28428505,chr11:133944573:C:T,Female [ALL],0.0771,0.015031818806762246,2.911e-07,1.08015008600063,1.0487905416196064,1.1124473019040022
rs28428505,chr11:133944573:C:T,Male [ALL],0.0849,0.013162098274238669,1.116e-10,1.0886082004351327,1.060883750212427,1.1170571835201781
rs28428505,chr11:133944573:C:T,Female [EUR],0.0792,0.015238131565582862,2.02e-07,1.0824207845802583,1.0505704077397469,1.1152367763832784
rs28428505,chr11:133944573:C:T,Male [EUR],0.0821,0.01341325415202211,9.31e-10,1.085564360837992,1.0573967823819774,1.1144822843766617
rs28428505,chr11:133944573:C:T,Female [AJ],0.0021,0.09155249511945163,0.9817,1.0021022065443106,0.8374925670938461,1.1990659640665786
rs28428505,chr11:133944573:C:T,Male [AJ],0.1567,0.0680894964839574,0.02137,1.1696446678612813,1.023516847739047,1.3366352025161057
rs28428505,chr11:133944573:C:T,Female [Biobank],0.08,0.024560646858502524,0.001125,1.0832870676749584,1.0323741317818593,1.1367108443199285
rs28428505,chr11:133944573:C:T,Male [Biobank],0.0506,0.02143607766233525,0.01825,1.0519020483004984,1.0086222470579307,1.0970389781172774
rs28428505,chr11:133944573:C:T,Female [CC],0.0766,0.01901464291093189,5.614e-05,1.07961014595389,1.0401150165704807,1.120604979908584
rs28428505,chr11:133944573:C:T,Male [CC],0.1057,0.016681576288483508,2.353e-10,1.1114883799705606,1.07573495868681,1.1484301117421043
rs12284617,chr11:83789062:A:G,Female [ALL],-0.0495,0.013720258741888293,0.0003088,0.9517051581364622,0.9264532371327704,0.9776453594427306
rs12284617,chr11:83789062:A:G,Male [ALL],-0.0862,0.013385954165920911,1.198e-10,0.9174107307245681,0.8936541190036862,0.9417988805186881
rs12284617,chr11:83789062:A:G,Female [EUR],-0.0507,0.013917907738217364,0.0002697,0.9505637969004034,0.9249837592726706,0.9768512397322565
rs12284617,chr11:83789062:A:G,Male [EUR],-0.0885,0.01371584852349565,1.101e-10,0.9153031107359976,0.8910247598131175,0.9402429902157926
rs12284617,chr11:83789062:A:G,Female [AJ],-0.0087,0.08103254554732202,0.9145,0.9913377354877927,0.845756497117532,1.1619780742464636
rs12284617,chr11:83789062:A:G,Male [AJ],-0.0401,0.06134238059574967,0.5133,0.9606933650121952,0.8518617198524422,1.083429059047662
rs12284617,chr11:83789062:A:G,Female [Biobank],-0.0624,0.022602609205414393,0.005767,0.939507008816979,0.8987942698342276,0.9820639152261466
rs12284617,chr11:83789062:A:G,Male [Biobank],-0.0145,0.028371685418674984,0.6093,0.9856046187323825,0.9322926574754735,1.041965156195774
rs12284617,chr11:83789062:A:G,Female [CC],-0.044,0.017254400013814786,0.01077,0.9569539574730467,0.9251322080816327,0.9898702787813003
rs12284617,chr11:83789062:A:G,Male [CC],-0.1067,0.015182825941929299,2.1e-12,0.8987952711299015,0.87244266647063,0.925943870527873
rs10847864,chr12:122842051:G:T,Female [ALL],0.1498,0.014599865094500543,1.063e-24,1.161601899114873,1.1288328969378154,1.195322155907732
rs10847864,chr12:122842051:G:T,Male [ALL],0.1159,0.012667600143557027,5.729000000000001e-20,1.1228835781608337,1.095347323865242,1.1511120743454688
rs10847864,chr12:122842051:G:T,Female [EUR],0.1509,0.014834128605914404,2.631e-24,1.1628803642308014,1.1295565340266076,1.1971873038465441
rs10847864,chr12:122842051:G:T,Male [EUR],0.1146,0.0129215090705925,7.385e-19,1.1214247779348192,1.0933800289502502,1.1501888632203834
rs10847864,chr12:122842051:G:T,Female [AJ],0.1159,0.08256588060554013,0.1604,1.1228835781608337,0.9551096522459981,1.320128560253025
rs10847864,chr12:122842051:G:T,Male [AJ],0.148,0.064209947190835,0.02117,1.159512896362974,1.0223956025288594,1.3150195027311868
rs10847864,chr12:122842051:G:T,Female [Biobank],0.1204,0.023760634547072917,4.037e-07,1.1279479405317834,1.076622855537973,1.181719810243261
rs10847864,chr12:122842051:G:T,Male [Biobank],0.1075,0.02054279348652952,1.668e-07,1.1134908607465361,1.0695479951311795,1.1592391389729018
rs10847864,chr12:122842051:G:T,Female [CC],0.1727,0.01847194818048189,8.822e-21,1.1885094987461322,1.1462491253860427,1.2323279445330446
rs10847864,chr12:122842051:G:T,Male [CC],0.121,0.01608425204203572,5.358e-14,1.128624912367344,1.0935998464257708,1.1647717371023378
rs565278410,chr12:40394881:A:G,Female [ALL],1.4825,0.11827185988054703,4.8230000000000004e-36,4.403941784523423,3.492742187026207,5.552858528611983
rs565278410,chr12:40394881:A:G,Male [ALL],1.1682,0.1050289524473871,9.734e-29,3.216198268276855,2.617823515351811,3.9513478430485067
rs565278410,chr12:40394881:A:G,Female [EUR],1.2517,0.14417781608810984,3.901e-18,3.4962815868943244,2.6356016351525153,4.6380244919482765
rs565278410,chr12:40394881:A:G,Male [EUR],1.0608,0.12844677478456257,1.473e-16,2.888681009944442,2.2457607353733313,3.715657614713114
rs565278410,chr12:40394881:A:G,Female [AJ],1.9577,0.20683289987240433,2.932e-21,7.083017376238882,4.72235452967316,10.623754492988946
rs565278410,chr12:40394881:A:G,Male [AJ],1.3846,0.18241541553195256,3.19e-14,3.993228293998172,2.7928589531355352,5.70951575985789
rs565278410,chr12:40394881:A:G,Male [Biobank],1.1418,0.1423515827707305,1.049e-15,3.132401616648829,2.3697652456421854,4.1404691481688305
rs565278410,chr12:40394881:A:G,Female [CC],1.6319,0.14978567539868873,1.219e-27,5.1135812988331635,3.812633189288138,6.858439404357839
rs565278410,chr12:40394881:A:G,Male [CC],1.1996,0.15557952397421998,1.253e-14,3.3187891415413957,2.4465139481808835,4.502063588970278
rs61754230,chr12:71785666:C:T,Female [ALL],0.1253,0.04960594201032162,0.01154,1.1334884485995265,1.0284700953048016,1.2492303558206945
rs61754230,chr12:71785666:C:T,Male [ALL],0.2433,0.04413974456881961,3.547e-08,1.2754512020895215,1.169745379357338,1.3907092924832591
rs61754230,chr12:71785666:C:T,Female [EUR],0.1239,0.05013432590715051,0.01346,1.131902675071966,1.025968168303516,1.2487752597174626
rs61754230,chr12:71785666:C:T,Male [EUR],0.2523,0.04482556663332816,1.818e-08,1.2869820739986377,1.1787350705576167,1.4051697452340068
rs61754230,chr12:71785666:C:T,Female [AJ],0.1872,0.33765777473817504,0.5793,1.205868434621088,0.622128112696124,2.337329967800011
rs61754230,chr12:71785666:C:T,Male [AJ],-0.0476,0.2561866299409931,0.8526,0.9535151168532066,0.5771080347773523,1.575426130426947
rs61754230,chr12:71785666:C:T,Female [Biobank],0.0968,0.08416611683461246,0.2501,1.1016400235820247,0.9341057831314118,1.2992219548083785
rs61754230,chr12:71785666:C:T,Male [Biobank],0.1754,0.07143974610784287,0.01408,1.1917228104114082,1.0360113481899775,1.370837548581019
rs61754230,chr12:71785666:C:T,Female [CC],0.1376,0.061177403943782634,0.0245,1.147516451879869,1.0178497238973012,1.2937017876204933
rs61754230,chr12:71785666:C:T,Male [CC],0.2853,0.05615062618168556,3.755e-07,1.3301610165751858,1.191537836834856,1.4849115783987952
rs11158026,chr14:54882151:C:T,Female [ALL],-0.0906,0.014555921327374646,4.838e-10,0.9133829910347823,0.8876927431764438,0.9398167268174009
rs11158026,chr14:54882151:C:T,Male [ALL],-0.1161,0.012781215268070762,1.05e-19,0.8903861802273706,0.8683580217359045,0.9129731402204974
rs11158026,chr14:54882151:C:T,Female [EUR],-0.0875,0.014742986593877487,2.938e-09,0.9162188716508777,0.8901224390747584,0.9430803942452957
rs11158026,chr14:54882151:C:T,Male [EUR],-0.1152,0.01299155146762001,7.494e-19,0.8911878885041844,0.8687816588924496,0.9141719838204667
rs11158026,chr14:54882151:C:T,Female [AJ],-0.2117,0.09200939616673558,0.0214,0.8092074233828218,0.6756781562810549,0.9691250900606119
rs11158026,chr14:54882151:C:T,Male [AJ],-0.1402,0.07003818743457742,0.04531,0.8691843811377317,0.7576946223744441,0.9970791214622498
rs11158026,chr14:54882151:C:T,Female [Biobank],-0.1027,0.02389450461778788,1.723e-05,0.9023976521733346,0.8611098236821592,0.945665117564049
rs11158026,chr14:54882151:C:T,Male [Biobank],-0.1254,0.02089966300787075,1.972e-09,0.8821439744139014,0.8467385247429489,0.9190298644212409
rs11158026,chr14:54882151:C:T,Female [CC],-0.0872,0.018371179033066433,2.069e-06,0.9164937785463454,0.8840801872453348,0.9500957698547157
rs11158026,chr14:54882151:C:T,Male [CC],-0.1105,0.016147357902141113,7.743e-12,0.895386330189486,0.8674921454068225,0.9241774516750455
rs3213916,chr14:87949673:G:A,Female [ALL],0.081,0.014177803225542573,1.109e-08,1.0843708965667602,1.0546526865627175,1.1149265121139709
rs3213916,chr14:87949673:G:A,Male [ALL],0.0224,0.0124049322926321,0.07096,1.0226527637746343,0.998088162600241,1.0478219404298998
rs3213916,chr14:87949673:G:A,Female [EUR],0.0749,0.014385501999121399,1.923e-07,1.0777763678587842,1.0478122468520004,1.1085973680921726
rs3213916,chr14:87949673:G:A,Male [EUR],0.0203,0.012662515408816436,0.1089,1.0205074463424153,0.9954916629977714,1.0461518531498233
rs3213916,chr14:87949673:G:A,Female [AJ],0.2854,0.08333921804681346,0.0006158,1.3302940393278702,1.1298163898102567,1.566344980504721
rs3213916,chr14:87949673:G:A,Male [AJ],0.0737,0.06243098557433007,0.2378,1.0764838119060318,0.9525004193435457,1.2166056557690414
rs3213916,chr14:87949673:G:A,Female [Biobank],0.0778,0.023411587570870942,0.0008901,1.0809064557593608,1.0324279779016232,1.1316612791498686
rs3213916,chr14:87949673:G:A,Male [Biobank],-0.0068,0.02050734533964172,0.7402,0.9932230676836348,0.9540927434851728,1.0339582487289096
rs3213916,chr14:87949673:G:A,Female [CC],0.0832,0.017796117141378787,2.937e-06,1.0867591386422326,1.0495060347728524,1.1253345729241324
rs3213916,chr14:87949673:G:A,Male [CC],0.0392,0.015560091848067701,0.01176,1.039978458543684,1.0087401943679624,1.0721840968303615
rs4774417,chr15:61701503:G:A,Female [ALL],0.0827,0.015432083952564747,8.37e-08,1.086215894895166,1.0538531514926093,1.119572464770658
rs4774417,chr15:61701503:G:A,Male [ALL],0.105,0.013405292864341903,4.774e-15,1.1107106103557052,1.0819074340574213,1.1402806017610436
rs4774417,chr15:61701503:G:A,Female [EUR],0.0905,0.015665604661696662,7.605e-09,1.0947215076416466,1.0616193327902026,1.128855835870531
rs4774417,chr15:61701503:G:A,Male [EUR],0.1052,0.013652877313906917,1.305e-14,1.1109327746934696,1.0815988471861016,1.1410622645345494
rs4774417,chr15:61701503:G:A,Female [AJ],-0.1845,0.09202722751784498,0.04498,0.831519939899404,0.6942845653881738,0.9958818687892526
rs4774417,chr15:61701503:G:A,Male [AJ],0.0988,0.07008107347770273,0.1586,1.1038455083788241,0.9621750270970866,1.2663755263367034
rs4774417,chr15:61701503:G:A,Female [Biobank],0.0696,0.025372646266826063,0.006086,1.0720792637709302,1.020068328029744,1.1267421173908914
rs4774417,chr15:61701503:G:A,Male [Biobank],0.077,0.022195283583691536,0.000522,1.0800420763926002,1.0340645940222895,1.1280638497069513
rs4774417,chr15:61701503:G:A,Female [CC],0.0935,0.019427738413422255,1.489e-06,1.0980106033412995,1.0569861806837608,1.1406272920900522
rs4774417,chr15:61701503:G:A,Male [CC],0.121,0.01681146271295084,6.134e-13,1.128624912367344,1.0920422129056948,1.1664331083199577
rs8058190,chr16:1666009:A:C,Female [ALL],-0.0539,0.013745513178049729,8.808e-05,0.9475268544497669,0.9223401420548071,0.9734013505075447
rs8058190,chr16:1666009:A:C,Male [ALL],-0.0689,0.012007664047034083,9.58e-09,0.9334200174129987,0.9117084504579982,0.9556486270030704
rs8058190,chr16:1666009:A:C,Female [EUR],-0.0519,0.013941476491723316,0.0001971,0.9494238044763764,0.9238317673139302,0.9757247936247762
rs8058190,chr16:1666009:A:C,Male [EUR],-0.0704,0.012236587092636163,8.755e-09,0.9320209369595469,0.9099335440071147,0.9546444711836667
rs8058190,chr16:1666009:A:C,Female [AJ],-0.1182,0.07997136399159688,0.1394,0.8885183311768307,0.7596147566042489,1.0392963248455727
rs8058190,chr16:1666009:A:C,Male [AJ],-0.0297,0.06380744862583253,0.6416,0.9707367108829891,0.8566185151758587,1.1000576629638563
rs8058190,chr16:1666009:A:C,Female [Biobank],-0.0232,0.022347434501861795,0.2992,0.9770670508204692,0.9351942926794439,1.020814636350906
rs8058190,chr16:1666009:A:C,Male [Biobank],-0.0397,0.019516135189608888,0.04193,0.9610777192239176,0.9250091728062035,0.9985526733605304
rs8058190,chr16:1666009:A:C,Female [CC],-0.0726,0.017447556394201508,3.168e-05,0.9299727447357862,0.8987079030094849,0.9623252483429917
rs8058190,chr16:1666009:A:C,Male [CC],-0.0868,0.015247063791819376,1.249e-08,0.9168604493870431,0.8898661284586656,0.9446736500761846
.,chr16:19267278:GT:G,Female [ALL],-0.0555,0.014585373585884224,0.0001417,0.9460120236704347,0.9193509636208421,0.9734462510425135
.,chr16:19267278:GT:G,Male [ALL],-0.0896,0.012711984539650804,1.809e-12,0.9142968308695811,0.891798124627766,0.9373631451479871
.,chr16:19267278:GT:G,Female [EUR],-0.0533,0.014845890210182336,0.0003304,0.9480955411513866,0.9209054162366559,0.9760884660929648
.,chr16:19267278:GT:G,Male [EUR],-0.0878,0.012982685418790222,1.353e-11,0.9159440472151089,0.8929309154459432,0.9395502867204543
.,chr16:19267278:GT:G,Female [AJ],-0.1254,0.08197880504817595,0.1261,0.8821439744139014,0.7512036757760698,1.0359081254372418
.,chr16:19267278:GT:G,Male [AJ],-0.1312,0.06251375727929766,0.03584,0.8770423483793512,0.7759036225418676,0.9913644665439894
.,chr16:19267278:GT:G,Female [Biobank],-0.0867,0.024022265769966383,0.0003072,0.9169521400164369,0.8747793105863981,0.9611581079999503
.,chr16:19267278:GT:G,Male [Biobank],-0.074,0.020795777742408393,0.0003731,0.9286716938412872,0.8915803431964586,0.9673061115839449
.,chr16:19267278:GT:G,Female [CC],-0.0401,0.018398198282483017,0.02929,0.9606933650121952,0.9266674935612604,0.9959686165655289
.,chr16:19267278:GT:G,Male [CC],-0.099,0.016076483436742083,7.364e-10,0.9057427080235485,0.8776477975785012,0.9347369815104595
rs11862744,chr16:31046479:G:A,Female [ALL],-0.1063,0.014474269688619128,2.072e-13,0.8991548611515633,0.8740046625724944,0.9250287772525786
rs11862744,chr16:31046479:G:A,Male [ALL],-0.1079,0.012624947064189249,1.268e-17,0.8977173636783655,0.8757760282536693,0.9202084083719704
rs11862744,chr16:31046479:G:A,Female [EUR],-0.115,0.014677505781270172,4.684e-15,0.8913661439068313,0.8660887341162957,0.9173812927078744
rs11862744,chr16:31046479:G:A,Male [EUR],-0.1097,0.012848868512192137,1.369e-17,0.8961029258536849,0.8738174588564898,0.9189567518762684
rs11862744,chr16:31046479:G:A,Female [AJ],0.2016,0.08729445022432909,0.02092,1.223358566802901,1.0309728567310907,1.4516446026671768
rs11862744,chr16:31046479:G:A,Male [AJ],-0.0576,0.06783284980666332,0.3958,0.9440274829178357,0.8265024597503087,1.078264048691903
rs11862744,chr16:31046479:G:A,Female [Biobank],-0.0388,0.02471235334179667,0.1164,0.9619430785244927,0.9164605905705513,1.0096827903370098
rs11862744,chr16:31046479:G:A,Male [Biobank],-0.1006,0.021392170535464515,2.568e-06,0.904294678423304,0.8671627060397076,0.9430166446609869
rs11862744,chr16:31046479:G:A,Female [CC],-0.1429,0.017851419455721364,1.195e-15,0.8668407486362932,0.8370355116161668,0.8977072932610526
rs11862744,chr16:31046479:G:A,Male [CC],-0.1119,0.015652289990860574,8.734e-13,0.8941336663964776,0.8671194928152053,0.9219894374511383
.,chr16:52593329:TAAGA:T,Female [ALL],0.092,0.013764593161166403,2.328e-11,1.096364822080817,1.0671818590613915,1.1263458171538814
.,chr16:52593329:TAAGA:T,Male [ALL],0.0669,0.012067049529487037,2.956e-08,1.0691885539730819,1.0441974322400605,1.0947777964696597
.,chr16:52593329:TAAGA:T,Female [EUR],0.0907,0.013971024985071332,8.47e-11,1.094940473839065,1.0653642836267518,1.125337745667233
.,chr16:52593329:TAAGA:T,Male [EUR],0.0709,0.012323163790252145,8.747e-09,1.0734738731134976,1.0478564475323537,1.0997175796083594
.,chr16:52593329:TAAGA:T,Female [AJ],0.1339,0.0798638335747193,0.09362,1.1432784860794558,0.9776210936665349,1.3370064385885456
.,chr16:52593329:TAAGA:T,Male [AJ],-0.0305,0.06149291759936043,0.6199,0.9699604320672106,0.8598252410248863,1.094202862263704
.,chr16:52593329:TAAGA:T,Female [Biobank],0.0931,0.022542845898277316,3.629e-05,1.0975714869291004,1.0501321590798973,1.1471538686856857
.,chr16:52593329:TAAGA:T,Male [Biobank],0.0386,0.019727712852702754,0.05039,1.0393546586272466,0.999933685007639,1.0803297484691776
.,chr16:52593329:TAAGA:T,Female [CC],0.0922,0.017361694707448715,1.093e-07,1.0965841169739916,1.0598963055366746,1.134541859725371
.,chr16:52593329:TAAGA:T,Male [CC],0.0839,0.015266400947236622,3.891e-08,1.0875201363574085,1.0554612278032778,1.1205528121998187
rs676387,chr17:42554255:C:A,Female [ALL],-0.0848,0.01541414374154355,3.767e-08,0.9186960052298081,0.8913556956117443,0.946874916691885
rs676387,chr17:42554255:C:A,Male [ALL],-0.052,0.013527254472017018,0.000121,0.9493288668428895,0.9244896543387612,0.974835459966076
rs676387,chr17:42554255:C:A,Female [EUR],-0.0868,0.015617697341638257,2.732e-08,0.9168604493870431,0.8892199272864146,0.9453601497837841
rs676387,chr17:42554255:C:A,Male [EUR],-0.0521,0.013758319382396382,0.0001526,0.9492339387026913,0.9239786570947804,0.9751795276507096
rs676387,chr17:42554255:C:A,Female [AJ],-0.0103,0.09438352174980695,0.9131,0.989752863346831,0.822594670026791,1.1908790151428355
rs676387,chr17:42554255:C:A,Male [AJ],-0.0504,0.07619196476211959,0.5083,0.9508490088191223,0.8189467210290335,1.1039959186065957
rs676387,chr17:42554255:C:A,Female [Biobank],-0.0481,0.025685850244081654,0.06112,0.9530384784643071,0.906246199498929,1.002246786729432
rs676387,chr17:42554255:C:A,Male [Biobank],-0.0515,0.022303404284809723,0.02094,0.9498036499621996,0.9091777381518866,0.9922448995674901
rs676387,chr17:42554255:C:A,Female [CC],-0.1011,0.019276010483019957,1.564e-07,0.90384264410209,0.8703316086863372,0.938643980230155
rs676387,chr17:42554255:C:A,Male [CC],-0.0523,0.017016714297998076,0.002116,0.949044110898364,0.9179129119450492,0.9812311306552205
.,chr17:46183562:G:GGAGGAGA,Female [ALL],0.2633,0.017181697447331334,5.25e-53,1.3012170255104663,1.258126705504475,1.3457831711786068
.,chr17:46183562:G:GGAGGAGA,Male [ALL],0.2498,0.014847744164795966,1.625e-63,1.2837686372832002,1.2469473212723794,1.3216772560931365
.,chr17:46183562:G:GGAGGAGA,Female [EUR],0.2629,0.017468741703011107,3.466e-51,1.3006966427837459,1.2569162069670556,1.3460020223872016
.,chr17:46183562:G:GGAGGAGA,Male [EUR],0.2501,0.01515099066399378,3.258e-61,1.2841538256497513,1.2465803199639143,1.3228598442646908
.,chr17:46183562:G:GGAGGAGA,Female [AJ],0.2761,0.09547573626174657,0.00383,1.317979655403165,1.093045194006033,1.5892026986461987
.,chr17:46183562:G:GGAGGAGA,Male [AJ],0.2425,0.07457540731602441,0.001147,1.2744312491634178,1.1011247987284292,1.4750144676786998
.,chr17:46183562:G:GGAGGAGA,Female [Biobank],0.2602,0.02898062245959185,2.747e-19,1.297189498623436,1.2255601195942307,1.3730053454220137
.,chr17:46183562:G:GGAGGAGA,Male [Biobank],0.2195,0.02475299503865666,7.473e-19,1.2454538479557218,1.186471919235747,1.3073678881392101
.,chr17:46183562:G:GGAGGAGA,Female [CC],0.2656,0.02133847414645704,1.452e-35,1.3042132690283421,1.2507915497130457,1.3599166475819477
.,chr17:46183562:G:GGAGGAGA,Male [CC],0.2667,0.01854822542222445,7.037e-47,1.3056486929626985,1.2590349038795994,1.3539882843456292
rs11657294,chr17:62109174:G:A,Female [ALL],0.0763,0.018725915222476384,4.61e-05,1.0792863114877025,1.040391626448776,1.1196350610210168
rs11657294,chr17:62109174:G:A,Male [ALL],0.1007,0.01626190469719299,5.926e-10,1.1059448085483656,1.0712505097690554,1.1417627421421386
rs11657294,chr17:62109174:G:A,Female [EUR],0.08,0.019028171510338046,2.619e-05,1.0832870676749584,1.0436297530002072,1.1244513369020224
rs11657294,chr17:62109174:G:A,Male [EUR],0.1002,0.016566390666585308,1.463e-09,1.1053919743641547,1.0700762143412377,1.1418732615610068
rs11657294,chr17:62109174:G:A,Female [AJ],-0.0396,0.10695622406318508,0.7112,0.9611738318013888,0.779397417784804,1.1853453884483434
rs11657294,chr17:62109174:G:A,Male [AJ],0.1134,0.08483178944005651,0.1813,1.120079875304264,0.9485030184206754,1.3226936580028792
rs11657294,chr17:62109174:G:A,Female [Biobank],0.0135,0.031067694574713513,0.6639,1.0135915364502062,0.9537128187972531,1.077229730495941
rs11657294,chr17:62109174:G:A,Male [Biobank],0.0661,0.02660102588617761,0.01296,1.0683335451790215,1.0140599130413543,1.1255119634220585
rs11657294,chr17:62109174:G:A,Female [CC],0.1161,0.023452387536413648,7.404e-07,1.1231081773356346,1.072651178036634,1.1759386497919753
rs11657294,chr17:62109174:G:A,Male [CC],0.1213,0.020540535065626808,3.518e-09,1.1289635506342546,1.0844148700768392,1.1753423286886413
rs34977745,chr18:34071260:T:C,Female [ALL],0.0312,0.01593462629020185,0.05023,1.0316918216183855,0.9999681329789687,1.0644219347504433
rs34977745,chr18:34071260:T:C,Male [ALL],0.0799,0.013963344592352175,1.052e-08,1.0831787443844458,1.0539361237173765,1.1132327338282697
rs34977745,chr18:34071260:T:C,Female [EUR],0.0312,0.016168720456102636,0.05365,1.0316918216183855,0.9995094282757155,1.0649104297399887
rs34977745,chr18:34071260:T:C,Male [EUR],0.0748,0.014230940632716304,1.471e-07,1.0776685956107004,1.0480249117392353,1.1081507595446414
rs34977745,chr18:34071260:T:C,Female [AJ],0.031,0.09334025969624535,0.7398,1.0314855038865227,0.8590338864945666,1.2385568968294283
rs34977745,chr18:34071260:T:C,Male [AJ],0.2159,0.07321597457042764,0.00319,1.2409782749680767,1.075081733488999,1.4324744165681633
rs34977745,chr18:34071260:T:C,Female [Biobank],0.0325,0.026216798587764167,0.2151,1.0330338931439726,0.9812922777270021,1.087503742367245
rs34977745,chr18:34071260:T:C,Male [Biobank],0.0894,0.022642165454178992,7.868e-05,1.093517976046974,1.0460501988146762,1.1431397511255779
rs34977745,chr18:34071260:T:C,Female [CC],0.0284,0.02005284445012195,0.1567,1.028807124977819,0.9891556533900168,1.070048072593676
rs34977745,chr18:34071260:T:C,Male [CC],0.0741,0.017744970385434263,2.969e-05,1.076914491560983,1.040103115798536,1.115028697172645
rs8085083,chr18:43097400:A:G,Female [ALL],-0.112,0.013831429067607747,5.61e-16,0.8940442575003572,0.870132655846587,0.9186129597580489
rs8085083,chr18:43097400:A:G,Male [ALL],-0.0783,0.012106694265860725,9.964e-11,0.9246869788348133,0.9030032551439374,0.9468913915380753
rs8085083,chr18:43097400:A:G,Female [EUR],-0.1109,0.014032019642188545,2.715e-15,0.8950282472787668,0.8707479199873954,0.9199856181551341
rs8085083,chr18:43097400:A:G,Male [EUR],-0.0768,0.012327623789220588,4.667e-10,0.9260750500962484,0.9039672540637304,0.9487235235075301
rs8085083,chr18:43097400:A:G,Female [AJ],-0.1501,0.08229104825647675,0.06815,0.8606219099308117,0.7324278402242937,1.0112533019309322
rs8085083,chr18:43097400:A:G,Male [AJ],-0.1212,0.06509301330874344,0.06261,0.8858567705204549,0.7797497016747928,1.0064027163991391
rs8085083,chr18:43097400:A:G,Female [Biobank],-0.0821,0.022770490559140353,0.0003115,0.9211798361066853,0.8809713605211025,0.9632234695434384
rs8085083,chr18:43097400:A:G,Male [Biobank],-0.0781,0.019791171893498872,7.94e-05,0.9248719347255528,0.8896824328869277,0.9614532826812612
rs8085083,chr18:43097400:A:G,Female [CC],-0.1283,0.01742789579565202,1.815e-13,0.8795894627203434,0.8500512172205514,0.9101541263106346
rs8085083,chr18:43097400:A:G,Male [CC],-0.0784,0.015300318814372372,2.99e-07,0.9245945147602107,0.8972788237921767,0.9527417721859347
rs71582802,chr1:145928008:T:A,Female [ALL],-0.0149,0.024932636494398617,0.5501,0.9852104557227469,0.9382226724011714,1.034551466957505
rs71582802,chr1:145928008:T:A,Male [ALL],-0.1241,0.02179436062351584,1.24e-08,0.8832915073154146,0.8463545250434794,0.9218405098684337
rs71582802,chr1:145928008:T:A,Female [EUR],-0.0192,0.02545580024968481,0.4507,0.9809831459926366,0.9332395408440756,1.0311692664149503
rs71582802,chr1:145928008:T:A,Male [EUR],-0.1296,0.022387041235642082,7.078e-09,0.8784467393499313,0.8407351420104596,0.9178499093415151
rs71582802,chr1:145928008:T:A,Female [AJ],0.0971,0.13043062266386576,0.4566,1.1019705651678582,0.8533853965794941,1.4229668463552756
rs71582802,chr1:145928008:T:A,Male [AJ],-0.0233,0.09644548578891603,0.8091,0.9769693490005595,0.808695234129898,1.1802581103541707
rs71582802,chr1:145928008:T:A,Female [CC],-0.0208,0.025386696274647427,0.4126,0.9794148279480586,0.9318737594560472,1.0293812820359485
rs71582802,chr1:145928008:T:A,Male [CC],-0.1245,0.021915109090522057,1.339e-08,0.8829382613663882,0.8458158505473663,0.9216899551837416
rs2230288,chr1:155236376:C:T,Female [ALL],0.66,0.04987599682408914,5.672e-40,1.9347923344020317,1.7546037469744769,2.1334853431812006
rs2230288,chr1:155236376:C:T,Male [ALL],0.5354,0.04636035535227963,7.498e-31,1.7081313581651871,1.5597627143551513,1.8706132092364505
rs2230288,chr1:155236376:C:T,Female [EUR],0.6495,0.05015689261942731,2.369e-38,1.9145832980020905,1.7353211384281808,2.112363598768131
rs2230288,chr1:155236376:C:T,Male [EUR],0.5418,0.046675721803426336,3.764e-31,1.7190984561366174,1.5688071998127802,1.883787569462955
rs2230288,chr1:155236376:C:T,Female [AJ],1.5912,0.47222357088068273,0.0007528,4.909636959152546,1.9457388980034305,12.388370862817668
rs2230288,chr1:155236376:C:T,Male [AJ],0.063,0.4027553481783894,0.8757,1.0650268392313054,0.48364675564989423,2.345269879374767
rs2230288,chr1:155236376:C:T,Female [Biobank],0.5951,0.07677854552689756,9.127e-15,1.8132122571201095,1.5598880420467895,2.1076760644030785
rs2230288,chr1:155236376:C:T,Male [Biobank],0.5059,0.0713476503480137,1.335e-12,1.6584774787097705,1.4420397513762058,1.9074006418772724
rs2230288,chr1:155236376:C:T,Female [CC],0.7162,0.06545629472996689,7.286e-28,2.0466411786805807,1.8002142081137171,2.3268009414613173
rs2230288,chr1:155236376:C:T,Male [CC],0.557,0.06099575227308198,6.738e-20,1.7454283529493428,1.548750265740037,1.9670828813861363
rs708723,chr1:205770138:C:T,Female [ALL],0.1192,0.01378151022402039,5.183e-18,1.1265952148009108,1.0965712211777492,1.1574412619083099
rs708723,chr1:205770138:C:T,Male [ALL],0.0728,0.012015485758304295,1.371e-09,1.0755154123204969,1.050482568789273,1.1011447847936349
rs708723,chr1:205770138:C:T,Female [EUR],0.1157,0.013978626417200771,1.264e-16,1.1226590239013758,1.0923178345153806,1.1538429970855184
rs708723,chr1:205770138:C:T,Male [EUR],0.0676,0.012235900688730877,3.3e-08,1.0699372479731915,1.0445828662248429,1.095907037741934
rs708723,chr1:205770138:C:T,Female [AJ],0.2374,0.08160427954893809,0.003624,1.267948195631204,1.080534268729795,1.4878682456728773
rs708723,chr1:205770138:C:T,Male [AJ],0.2131,0.06356481595124122,0.0008009,1.2375083958958546,1.0925484127497884,1.401701757140764
rs708723,chr1:205770138:C:T,Female [Biobank],0.0903,0.02251676401134355,6.063e-05,1.094502585233089,1.047249436257894,1.143887852890582
rs708723,chr1:205770138:C:T,Male [Biobank],0.0497,0.019551042156741128,0.01102,1.0509557623495802,1.011444955412,1.092010008558379
rs708723,chr1:205770138:C:T,Female [CC],0.1312,0.01741106588441137,4.867e-14,1.1401957976691284,1.1019422568625652,1.1797772967921334
rs708723,chr1:205770138:C:T,Male [CC],0.0868,0.01522651897102708,1.194e-08,1.0906785221988133,1.0586092547186678,1.123719288758651
rs10495249,chr1:226731418:A:G,Female [ALL],-0.0704,0.015153151742588761,3.386e-06,0.9320209369595469,0.9047467783020995,0.9601172922230631
rs10495249,chr1:226731418:A:G,Male [ALL],-0.0731,0.013191246894093296,2.998e-08,0.9295078745906393,0.9057836087440456,0.9538535259254738
rs10495249,chr1:226731418:A:G,Female [EUR],-0.0739,0.015387012793502604,1.565e-06,0.9287645656541845,0.9011725366627928,0.957201405192823
rs10495249,chr1:226731418:A:G,Male [EUR],-0.0728,0.013452055122428978,6.239e-08,0.929786768785054,0.905592341819875,0.9546275906777751
rs10495249,chr1:226731418:A:G,Female [AJ],0.0402,0.08613295696126605,0.6407,1.04101895716483,0.8793075153679768,1.2324703817901859
rs10495249,chr1:226731418:A:G,Male [AJ],-0.0816,0.06806723263087192,0.2306,0.9216405411914118,0.8065319424363272,1.0531774905302738
rs10495249,chr1:226731418:A:G,Female [Biobank],-0.0606,0.025173202210595998,0.01607,0.9411996443478158,0.8958883561044324,0.9888026387265513
rs10495249,chr1:226731418:A:G,Male [Biobank],-0.0592,0.02185877573002953,0.006763,0.9425182466561468,0.9029905412458069,0.9837762464866819
rs10495249,chr1:226731418:A:G,Female [CC],-0.0698,0.018970578035579496,0.0002338,0.9325803173190491,0.8985415474287608,0.9679085521861763
rs10495249,chr1:226731418:A:G,Male [CC],-0.0811,0.016549588041950586,9.563e-07,0.9221014766862784,0.8926709950722385,0.9525022522303505
rs6424233,chr1:232527120:C:G,Female [ALL],-0.0982,0.01673944118462742,4.454e-09,0.9064675921049394,0.8772096121616073,0.9367014270531603
rs6424233,chr1:232527120:C:G,Male [ALL],-0.0361,0.014751991510745957,0.0144,0.9645438342768154,0.9370544350806893,0.9928396616161463
rs6424233,chr1:232527120:C:G,Female [EUR],-0.0996,0.017033875098661045,5e-09,0.90519942539982,0.8754770027230763,0.935930923594284
rs6424233,chr1:232527120:C:G,Male [EUR],-0.0391,0.015057698110298529,0.009413,0.9616545388840454,0.9336878649630307,0.990458896231775
rs6424233,chr1:232527120:C:G,Female [AJ],-0.0585,0.08927746043533206,0.5123,0.9431782403996666,0.7917704045393736,1.1235393342100772
rs6424233,chr1:232527120:C:G,Male [AJ],0.031,0.07038008778367437,0.6596,1.0314855038865227,0.8985751183711462,1.1840549810200467
rs6424233,chr1:232527120:C:G,Female [Biobank],-0.0651,0.027578827190079546,0.01825,0.9369737613162469,0.8876706439049198,0.9890152788348275
rs6424233,chr1:232527120:C:G,Male [Biobank],-0.0393,0.024068308345019846,0.1025,0.9614622272080773,0.9171595006827366,1.0079049649049947
rs6424233,chr1:232527120:C:G,Female [CC],-0.1203,0.021028977069919016,1.061e-08,0.8866544004935711,0.8508522412334458,0.9239630429543861
rs6424233,chr1:232527120:C:G,Male [CC],-0.0341,0.018627754018804638,0.06716,0.9664748523197394,0.9318248623607872,1.0024133052213025
rs301802,chr1:8437247:T:A,Female [ALL],-0.0785,0.013710476485358206,1.031e-08,0.9245020599315531,0.8999891836368689,0.9496825899215967
rs301802,chr1:8437247:T:A,Male [ALL],0.0078,0.012074899248409699,0.5183,1.0078304992464704,0.9842584120579099,1.0319671163263866
rs301802,chr1:8437247:T:A,Female [EUR],-0.076,0.013901181333221834,4.573e-08,0.9268162065593822,0.9019047930677149,0.9524156954742237
rs301802,chr1:8437247:T:A,Male [EUR],0.0073,0.012175610307231126,0.5488,1.0073267099546657,0.9835722357618049,1.0316548837942456
rs301802,chr1:8437247:T:A,Female [AJ],-0.1586,0.08005651251515357,0.04758,0.8533376257615274,0.7294162191755131,0.9983121904849004
rs301802,chr1:8437247:T:A,Male [AJ],0.0187,0.06244871848861172,0.7646,1.0188759399814111,0.9014961669212781,1.1515392068923296
rs301802,chr1:8437247:T:A,Female [Biobank],-0.0593,0.022806279023966414,0.009318,0.9424239995439154,0.9012250208469427,0.9855063656373882
rs301802,chr1:8437247:T:A,Male [Biobank],-0.0212,0.019726063811594197,0.2825,0.9790231403596195,0.941893484036178,1.0176164562178835
rs301802,chr1:8437247:T:A,Female [CC],-0.091,0.01713411307113235,1.09e-07,0.9130177108992659,0.8828651027032685,0.9442001250964716
rs301802,chr1:8437247:T:A,Male [CC],0.0248,0.015143884598990102,0.1015,1.0251100780052593,0.9951298838460317,1.055993482947738
rs11701836,chr21:37519947:A:G,Female [ALL],0.0996,0.015279024205018556,7.09e-11,1.1047289381103036,1.0721362061553479,1.1383124827718807
rs11701836,chr21:37519947:A:G,Male [ALL],0.0616,0.01340622834041419,4.33e-06,1.0635368448957823,1.0359550889391402,1.0918529505069359
rs11701836,chr21:37519947:A:G,Female [EUR],0.0996,0.015471972860817947,1.215e-10,1.1047289381103036,1.0717308230239164,1.1387430504749831
rs11701836,chr21:37519947:A:G,Male [EUR],0.0588,0.013612761774302816,1.564e-05,1.0605631069061014,1.0326403686947876,1.0892408798157036
rs11701836,chr21:37519947:A:G,Female [AJ],0.0979,0.09540103512724765,0.3048,1.102852494344627,0.9147668738476458,1.3296104822492045
rs11701836,chr21:37519947:A:G,Male [AJ],0.1444,0.07486342097155771,0.05375,1.1553461545713721,0.9976704126060428,1.3379415887418413
rs11701836,chr21:37519947:A:G,Female [Biobank],0.0531,0.025215831671240495,0.03522,1.0545350933561917,1.0036837382714079,1.107962818083481
rs11701836,chr21:37519947:A:G,Male [Biobank],0.0558,0.0219725281457044,0.0111,1.0573861853504074,1.0128152654687492,1.103918535876753
rs11701836,chr21:37519947:A:G,Female [CC],0.1266,0.019205554656655164,4.344e-11,1.1349629417956255,1.0930337782425932,1.178500522939451
rs11701836,chr21:37519947:A:G,Male [CC],0.065,0.01691085012565859,0.0001212,1.0671590243841926,1.0323675262566037,1.1031230200101785
rs8130097,chr21:45161847:C:A,Female [ALL],0.0812,0.030688321182008302,0.008146,1.0845877924349374,1.0212740234436801,1.1518266914616788
rs8130097,chr21:45161847:C:A,Male [ALL],0.1557,0.026496197498176104,4.195e-09,1.1684756078208618,1.1093424505518454,1.2307608398048258
rs8130097,chr21:45161847:C:A,Female [EUR],0.0883,0.03150413314944735,0.005066,1.0923157676091857,1.0269075413810158,1.1618901294298178
rs8130097,chr21:45161847:C:A,Male [EUR],0.159,0.02734497162013791,6.078e-09,1.1723379466807176,1.111159267673215,1.2368850273872323
rs8130097,chr21:45161847:C:A,Female [AJ],-0.0499,0.13526589665277497,0.7122,0.9513245521994698,0.7297734339684855,1.2401361319718909
rs8130097,chr21:45161847:C:A,Male [AJ],0.1049,0.10702176222203305,0.327,1.1105995448480377,0.9004481870907138,1.3697971373586748
rs8130097,chr21:45161847:C:A,Female [Biobank],0.0115,0.050855612191678036,0.8211,1.0115663792095986,0.9155988014877426,1.1175927031408595
rs8130097,chr21:45161847:C:A,Male [Biobank],0.1651,0.04255520974960819,0.0001046,1.1795110639204238,1.085121311841025,1.2821113498824304
rs8130097,chr21:45161847:C:A,Female [CC],0.1166,0.03851228846116689,0.002465,1.1236698718362257,1.0419728784318765,1.2117724050290526
rs8130097,chr21:45161847:C:A,Male [CC],0.1497,0.03384937246058897,9.755e-06,1.1614857447327775,1.086927849332735,1.2411579444262435
rs6758044,chr2:134834675:T:C,Female [ALL],-0.1181,0.014406798793734566,2.454e-16,0.8886071874526881,0.863866249798167,0.9140567000702522
rs6758044,chr2:134834675:T:C,Male [ALL],-0.132,0.012662197474396147,1.912e-25,0.8763409950793734,0.8548597085722204,0.8983620726953773
rs6758044,chr2:134834675:T:C,Female [EUR],-0.1139,0.014606962493200351,6.307e-15,0.8923471861394351,0.8671618456090718,0.9182639949428112
rs6758044,chr2:134834675:T:C,Male [EUR],-0.1266,0.012877468530614455,8.269e-23,0.8810860365342851,0.859125868765134,0.9036075294665841
rs6758044,chr2:134834675:T:C,Female [AJ],-0.2733,0.08838457431232909,0.001987,0.7608644940383964,0.6398421551328493,0.9047774887043912
rs6758044,chr2:134834675:T:C,Male [AJ],-0.2848,0.06880535812753978,3.485e-05,0.7521646722115344,0.6572712383530055,0.860758330975731
rs6758044,chr2:134834675:T:C,Female [Biobank],-0.0906,0.023670198875900276,0.0001294,0.9133829910347823,0.8719758156563892,0.9567564527963891
rs6758044,chr2:134834675:T:C,Female [CC],-0.1382,0.018150263678204902,2.653e-14,0.8709244894282616,0.8404863918471405,0.9024648984725365
rs6758044,chr2:134834675:T:C,Male [CC],-0.1493,0.016026177774365748,1.2080000000000002e-20,0.861310682931222,0.8346762879185259,0.8887949774893591
rs7607599,chr2:152862205:C:G,Female [ALL],-0.0782,0.013879345650328364,1.758e-08,0.9247794521562859,0.8999612991969729,0.9502820131194336
rs7607599,chr2:152862205:C:G,Male [ALL],0.0038,0.012228961737613356,0.756,1.003807229154028,0.9800332640300873,1.028157910843068
rs7607599,chr2:152862205:C:G,Female [EUR],-0.0765,0.014049006757371781,5.174e-08,0.926352914288822,0.9011928059109692,0.9522154595363806
rs7607599,chr2:152862205:C:G,Male [EUR],0.0039,0.01221931447093876,0.7496,1.0039076148961468,0.9801498053840463,1.0282412889441712
rs7607599,chr2:152862205:C:G,Female [AJ],-0.1495,0.09046558222290824,0.09842,0.861138438019701,0.7212189292213809,1.0282029206243781
rs7607599,chr2:152862205:C:G,Male [AJ],-0.0019,0.07467079284111992,0.9797,0.9981018038573762,0.8622114351762082,1.1554094160903299
rs7607599,chr2:152862205:C:G,Female [Biobank],-0.0946,0.02272362671467408,3.14e-05,0.9097367564015544,0.8701076769691475,0.9511707434083093
rs7607599,chr2:152862205:C:G,Male [Biobank],0.0234,0.019784053002852065,0.2369,1.0236759280352754,0.9847408746058189,1.0641504101861827
rs7607599,chr2:152862205:C:G,Female [CC],-0.0716,0.017520357066967966,4.376e-05,0.9309031826219285,0.8994787052554624,0.9634255156374344
rs7607599,chr2:152862205:C:G,Male [CC],-0.008,0.01526388614606428,0.6002,0.9920319148370607,0.9627926406034191,1.0221591634087428
rs2102808,chr2:168260515:G:T,Female [ALL],0.1962,0.019775665887215483,3.364e-23,1.2167702350475433,1.1705101680749288,1.2648585593516002
rs2102808,chr2:168260515:G:T,Male [ALL],0.1833,0.0171886682223863,1.5e-26,1.2011747064453075,1.1613814599396837,1.2423314175162596
rs2102808,chr2:168260515:G:T,Female [EUR],0.2014,0.019991816458705673,7.19e-24,1.2231139195550809,1.176114301305451,1.2719917261008302
rs2102808,chr2:168260515:G:T,Male [EUR],0.186,0.01747325412908859,1.8430000000000002e-26,1.2044222603776296,1.1638720515364196,1.246385270080322
rs2102808,chr2:168260515:G:T,Female [AJ],-0.0419,0.13547102423811863,0.7571,0.9589656723450506,0.7353393339205404,1.250599714057411
rs2102808,chr2:168260515:G:T,Male [AJ],0.1024,0.09555809696124756,0.2839,1.1078265137191157,0.9186097712427904,1.3360184301530549
rs2102808,chr2:168260515:G:T,Female [Biobank],0.1884,0.03221555521769721,4.972e-09,1.2073163453153006,1.1334402897084759,1.2860075390829775
rs2102808,chr2:168260515:G:T,Male [Biobank],0.2333,0.027684345324525347,3.542e-17,1.2627602505839073,1.1960670109292608,1.333172335566606
rs2102808,chr2:168260515:G:T,Female [CC],0.1961,0.025103931968505213,5.65e-15,1.216648564107687,1.1582338402401295,1.2780093942328679
rs2102808,chr2:168260515:G:T,Male [CC],0.152,0.02193792136596799,4.249e-12,1.1641602364321122,1.1151642172616185,1.2153089519117204
rs9309428,chr2:69465874:C:T,Female [ALL],0.0789,0.01369135900552188,8.275e-09,1.0820961070489488,1.0534441471093436,1.1115273534942824
rs9309428,chr2:69465874:C:T,Male [ALL],0.0389,0.012008560234172298,0.001198,1.039666511800472,1.0154818429235377,1.0644271616393137
rs9309428,chr2:69465874:C:T,Female [EUR],0.0791,0.013869128566612652,1.175e-08,1.0823125479137237,1.0532877977472066,1.1121371137849614
rs9309428,chr2:69465874:C:T,Male [EUR],0.0437,0.01223184984161387,0.0003534,1.044668907201481,1.0199214089824173,1.0700168817540239
rs9309428,chr2:69465874:C:T,Female [AJ],0.069,0.08271955803593768,0.4042,1.0714362091483463,0.9110747487687064,1.2600234523299405
rs9309428,chr2:69465874:C:T,Male [AJ],-0.0885,0.06297103921957332,0.1599,0.9153031107359976,0.8090267986119551,1.0355402144408197
rs9309428,chr2:69465874:C:T,Female [Biobank],0.0937,0.022459505421736616,3.02e-05,1.098230227423644,1.0509340806973237,1.1476548858580184
rs9309428,chr2:69465874:C:T,Male [Biobank],0.0459,0.01950657627505243,0.01862,1.046969708751039,1.0076965780548022,1.0877734378717154
rs9309428,chr2:69465874:C:T,Female [CC],0.0728,0.017243984923286923,2.424e-05,1.0755154123204969,1.0397723443734637,1.1124871789467938
rs9309428,chr2:69465874:C:T,Male [CC],0.0346,0.015223708929172112,0.02304,1.0352055437546346,1.00477288459898,1.0665599502598444
rs11897786,chr2:96841135:G:A,Female [ALL],-0.0293,0.024614143011775166,0.2339,0.9711250832366347,0.9253865653311002,1.0191242909971665
rs11897786,chr2:96841135:G:A,Male [ALL],-0.1204,0.02194170629644784,4.082e-08,0.8865657394866461,0.8492465415216869,0.925524888241693
rs11897786,chr2:96841135:G:A,Female [EUR],-0.0378,0.025147167038493196,0.1328,0.9629055027349204,0.916596021517028,1.011554693050743
rs11897786,chr2:96841135:G:A,Male [EUR],-0.1225,0.022662244651073932,6.464e-08,0.8847059049434836,0.8462690029598241,0.924888582122659
rs11897786,chr2:96841135:G:A,Male [AJ],-0.0895,0.0885781055961008,0.3123,0.9143882651243046,0.768654967535949,1.0877518974180467
rs11897786,chr2:96841135:G:A,Female [Biobank],-0.0292,0.04154046876967726,0.4821,0.9712222006007457,0.8952795001508101,1.0536067929410429
rs11897786,chr2:96841135:G:A,Male [Biobank],-0.1481,0.03761812550717776,8.253e-05,0.862344876142563,0.801050309121526,0.9283295654986337
rs11897786,chr2:96841135:G:A,Female [CC],-0.0512,0.030424191470798476,0.0924,0.9500886338026269,0.8950896346431172,1.0084670597720045
rs11897786,chr2:96841135:G:A,Male [CC],-0.1062,0.02703423801212392,8.553e-05,0.8992447811336026,0.8528367727329592,0.9481781300361718
rs13062740,chr3:161306420:G:A,Female [ALL],0.0874,0.01468370467499039,2.646e-09,1.0913331256735368,1.0603721578714256,1.1231980982820056
rs13062740,chr3:161306420:G:A,Male [ALL],0.0672,0.012915868063046348,1.962e-07,1.0695093586575704,1.0427744470405245,1.0969297066134143
rs13062740,chr3:161306420:G:A,Female [EUR],0.0836,0.014905748599000034,2.04e-08,1.087193929250014,1.055890759770443,1.1194251193703564
rs13062740,chr3:161306420:G:A,Male [EUR],0.0674,0.013183032427731325,3.177e-07,1.0697232819209153,1.0424370158779517,1.097723778467235
rs13062740,chr3:161306420:G:A,Female [AJ],0.2025,0.08293545695267124,0.01462,1.2244600851219147,1.0407550968564496,1.4405910714108803
rs13062740,chr3:161306420:G:A,Male [AJ],0.0621,0.06412047325538571,0.3328,1.0640687462824954,0.9384026782558987,1.2065633688509614
rs13062740,chr3:161306420:G:A,Female [Biobank],0.0729,0.0238764332127194,0.002264,1.0756229692394854,1.0264458365410363,1.1271561837635382
rs13062740,chr3:161306420:G:A,Male [Biobank],0.0311,0.02097768887035957,0.1382,1.0315886575945108,0.9900337255853598,1.0748877851089857
rs13062740,chr3:161306420:G:A,Female [CC],0.0912,0.018583601707165276,9.222e-07,1.0954880809663576,1.0563041246556624,1.136125579298068
rs13062740,chr3:161306420:G:A,Male [CC],0.0892,0.016384628086758647,5.206e-08,1.093299294320666,1.058746995235582,1.1289792106527767
rs3729674,chr3:179199217:A:G,Female [ALL],0.0603,0.01688176901479921,0.0003544,1.0621551452967464,1.0275853531845631,1.0978879264715669
rs3729674,chr3:179199217:A:G,Male [ALL],0.0976,0.014755010031922576,3.723e-11,1.1025216882197235,1.0710935975713527,1.1348719437321562
rs3729674,chr3:179199217:A:G,Female [EUR],0.0576,0.017218297610619618,0.000822,1.0592911944779004,1.0241388741236022,1.0956500754437652
rs3729674,chr3:179199217:A:G,Male [EUR],0.0951,0.015089399040811193,2.93e-10,1.0997688265100931,1.0677191928037848,1.1327804912706632
rs3729674,chr3:179199217:A:G,Female [AJ],0.1279,0.08605266057709533,0.1372,1.1364393530793664,0.9600564302560455,1.3452275955102024
rs3729674,chr3:179199217:A:G,Male [AJ],0.1485,0.06923365656451734,0.03196,1.1600927977744269,1.0128843299736998,1.328695942490336
rs3729674,chr3:179199217:A:G,Female [Biobank],0.0481,0.027910284657020345,0.08482,1.049275577636031,0.9934176015957471,1.1082743410776106
rs3729674,chr3:179199217:A:G,Male [Biobank],0.09,0.023958413860155955,0.0001723,1.0941742837052104,1.0439812283948509,1.1467805460090157
rs3729674,chr3:179199217:A:G,Female [CC],0.0715,0.021168845235156886,0.0007312,1.0741181507013138,1.0304638733547005,1.1196217853907044
rs3729674,chr3:179199217:A:G,Male [CC],0.1022,0.018720074257915196,4.778e-08,1.107604970571425,1.0677019776516834,1.1489992493342955
rs73034368,chr3:18247575:C:A,Female [ALL],0.1741,0.035562163511262485,9.798e-07,1.1901745773274208,1.1100423408625117,1.2760914357697932
rs73034368,chr3:18247575:C:A,Male [ALL],0.1687,0.030313550403534333,2.619e-08,1.1837649561623702,1.1154807090652297,1.2562292292910957
rs73034368,chr3:18247575:C:A,Female [EUR],0.1789,0.03593911394083837,6.429e-07,1.1959011480733712,1.1145595859192556,1.2831790906752083
rs73034368,chr3:18247575:C:A,Male [EUR],0.1708,0.03071018157164345,2.672e-08,1.1862534746001405,1.1169570231711123,1.259849105031618
rs73034368,chr3:18247575:C:A,Female [AJ],-0.0517,0.2466906439501507,0.834,0.9496137082270137,0.5855441681569769,1.5400481191555615
rs73034368,chr3:18247575:C:A,Male [AJ],0.0889,0.1869441924541012,0.6344,1.0929713537259187,0.7576675202450686,1.576663045657648
rs73034368,chr3:18247575:C:A,Female [Biobank],0.0785,0.05712687714918286,0.1694,1.0816633551622767,0.9670852006272181,1.2098164806390324
rs73034368,chr3:18247575:C:A,Male [Biobank],0.2033,0.04779168800574399,2.101e-05,1.2254400451217478,1.1158632175284315,1.345777224841385
rs73034368,chr3:18247575:C:A,Female [CC],0.2333,0.04557825786708316,3.077e-07,1.2627602505839073,1.154845552878098,1.3807590517024309
rs73034368,chr3:18247575:C:A,Male [CC],0.1454,0.0392060621351044,0.0002084,1.1565020785916267,1.0709607236690037,1.2488759188148588
.,chr3:183010401:CTAGG:C,Female [ALL],-0.1786,0.01772689952191657,7.119999999999999e-24,0.8364404086541857,0.8078775951702121,0.8660130710546258
.,chr3:183010401:CTAGG:C,Male [ALL],-0.1049,0.015354258370056635,8.375e-12,0.9004145595402969,0.8737208513376358,0.927923807461986
.,chr3:183010401:CTAGG:C,Female [EUR],-0.1788,0.01803355826459314,3.588e-23,0.8362731373001479,0.8072307030365687,0.866360456235211
.,chr3:183010401:CTAGG:C,Male [EUR],-0.1066,0.015681140776420452,1.061e-11,0.8988851551511408,0.871678133717087,0.9269413684906476
.,chr3:183010401:CTAGG:C,Female [AJ],-0.1721,0.09609046729677667,0.07329,0.8418949794609385,0.6973712878233125,1.0163698575171538
.,chr3:183010401:CTAGG:C,Male [AJ],-0.0655,0.07584407389118945,0.3878,0.9365990467596279,0.8072237523030958,1.0867095670664388
.,chr3:183010401:CTAGG:C,Female [Biobank],-0.1687,0.029771192960873414,1.457e-08,0.8447622940637514,0.7968797114832054,0.8955220257065007
.,chr3:183010401:CTAGG:C,Male [Biobank],-0.0975,0.025210708232780685,0.00011,0.9071023415558017,0.8633690975023803,0.9530508567383021
.,chr3:183010401:CTAGG:C,Female [CC],-0.1873,0.022103021536022106,2.372e-17,0.8291949405857242,0.7940396180347451,0.8659067304408439
.,chr3:183010401:CTAGG:C,Male [CC],-0.1093,0.01936554144779847,1.661e-08,0.8964614387218198,0.8630726043624023,0.9311419538207786
rs9827746,chr3:2182935:C:G,Female [ALL],-0.0261,0.013627986858560698,0.05547,0.9742376609713016,0.9485594115036394,1.000611040852227
rs9827746,chr3:2182935:C:G,Male [ALL],-0.0655,0.011910905270654724,3.816e-08,0.9365990467596279,0.9149870431209002,0.958721526152949
rs9827746,chr3:2182935:C:G,Female [EUR],-0.0268,0.013841941736105211,0.05285,0.9735559332411644,0.9474982340727386,1.0003302603267035
rs9827746,chr3:2182935:C:G,Male [EUR],-0.0655,0.01213747625443843,6.795e-08,0.9365990467596279,0.9145808066797004,0.959147368919429
rs9827746,chr3:2182935:C:G,Female [AJ],-0.0031,0.08054826278403535,0.9693,0.9969048000386791,0.8513136984086604,1.1673947948892165
rs9827746,chr3:2182935:C:G,Male [AJ],-0.0644,0.06088781003472693,0.2902,0.9376298725613128,0.8321520456613288,1.0564773378892132
rs9827746,chr3:2182935:C:G,Female [Biobank],-0.0092,0.02249841028293352,0.6826,0.9908421905166154,0.9480984952751673,1.035512925503405
rs9827746,chr3:2182935:C:G,Male [Biobank],-0.0538,0.01944162785983516,0.005653,0.9476216118730041,0.9121912649051683,0.9844281060750406
rs9827746,chr3:2182935:C:G,Female [CC],-0.0349,0.01718490479342971,0.04227,0.9657019816273803,0.9337165061851931,0.9987831543529352
rs9827746,chr3:2182935:C:G,Male [CC],-0.0724,0.015046858020382211,1.497e-06,0.9301587578854282,0.9031272270741271,0.9579993703367211
rs7644788,chr3:28670613:C:T,Female [ALL],-0.0654,0.013894944662321572,2.517e-06,0.9366927113474551,0.9115269747151166,0.962553231916875
rs7644788,chr3:28670613:C:T,Male [ALL],-0.0747,0.01209569633313706,6.585e-10,0.9280218511270835,0.9062794608541295,0.9502858592400092
rs7644788,chr3:28670613:C:T,Female [EUR],-0.0647,0.01411068470688685,4.536e-06,0.9373486257886696,0.9117796389832001,0.9636346422998994
rs7644788,chr3:28670613:C:T,Male [EUR],-0.0772,0.012330526158918192,3.828e-10,0.9257046941523367,0.9036005991925474,0.948349504793842
rs7644788,chr3:28670613:C:T,Female [AJ],-0.0871,0.07929222031986274,0.272,0.9165854325068217,0.7846537417462107,1.0707001195381407
rs7644788,chr3:28670613:C:T,Male [AJ],-0.0112,0.06176212667467288,0.8561,0.9888624864995006,0.8761186357453578,1.1161148471337674
rs7644788,chr3:28670613:C:T,Female [Biobank],-0.0403,0.022772442859736668,0.07678,0.9605012455517791,0.9185729192309967,1.0043433933136874
rs7644788,chr3:28670613:C:T,Male [Biobank],-0.0431,0.01974521478066704,0.02905,0.9578156037174214,0.9214556593181581,0.9956102840623031
rs7644788,chr3:28670613:C:T,Female [CC],-0.0748,0.017521895054073016,1.964e-05,0.9279290535819253,0.8966022710501632,0.9603503763970207
rs7644788,chr3:28670613:C:T,Male [CC],-0.0937,0.015307656584652428,9.292e-10,0.9105558880362601,0.8836422375580152,0.9382892645883365
rs17046610,chr3:7024398:G:A,Female [ALL],-0.0979,0.03490143630758009,0.005031,0.9067395731776919,0.8467863874256114,0.9709374947157965
rs17046610,chr3:7024398:G:A,Male [ALL],-0.1793,0.031169855668383217,8.801e-09,0.8358551052482197,0.7863188422340821,0.8885120379215428
rs17046610,chr3:7024398:G:A,Female [EUR],-0.0948,0.035127346429445726,0.00696,0.9095548272437963,0.849039474042685,0.9743834168550102
rs17046610,chr3:7024398:G:A,Male [EUR],-0.1816,0.03149036394057075,8.077e-09,0.8339348476489015,0.7840197141694955,0.8870278611040758
rs17046610,chr3:7024398:G:A,Female [AJ],-0.3227,0.3007011501191823,0.2832,0.7241910791063073,0.4016901517957957,1.305615078469163
rs17046610,chr3:7024398:G:A,Male [AJ],-0.0677,0.2201975825081107,0.7585,0.9345407937652125,0.6069631114284328,1.4389119845453613
rs17046610,chr3:7024398:G:A,Female [Biobank],-0.0996,0.05787132358499696,0.08524,0.90519942539982,0.8081336754538423,1.0139238403646558
rs17046610,chr3:7024398:G:A,Male [Biobank],-0.107,0.05127027217821788,0.03689,0.8985256729903055,0.8126215845347113,0.9935108793411522
rs17046610,chr3:7024398:G:A,Female [CC],-0.0934,0.04380191870221116,0.03298,0.9108290957817837,0.8358954273224443,0.9924801770720086
rs17046610,chr3:7024398:G:A,Male [CC],-0.2216,0.0392466656746266,1.639e-08,0.8012357945621661,0.7419128728663487,0.865302142564811
rs34559912,chr4:15728523:G:T,Female [ALL],0.104,0.013642505999785434,2.474e-14,1.1096004549155827,1.0803236673632077,1.1396706438487478
rs34559912,chr4:15728523:G:T,Male [ALL],0.1016,0.011915209613035807,1.503e-17,1.1069406069181091,1.0813888521132275,1.133096115102113
rs34559912,chr4:15728523:G:T,Female [EUR],0.1068,0.013844516581950126,1.217e-14,1.112711689885631,1.0829239538474391,1.1433187902154045
rs34559912,chr4:15728523:G:T,Male [EUR],0.1012,0.012145208290898794,7.915e-17,1.1064979192187843,1.0804692005542045,1.1331536749104
rs34559912,chr4:15728523:G:T,Female [AJ],0.0109,0.079392831624399,0.8908,1.0109596214276102,0.865273229231106,1.1811752884869158
rs34559912,chr4:15728523:G:T,Male [AJ],0.1118,0.0614930217029221,0.06905,1.1182891804416821,0.9913116413062838,1.261531327771972
rs34559912,chr4:15728523:G:T,Female [Biobank],0.0999,0.022574873915322622,9.632e-06,1.1050604065095104,1.0572310222743373,1.1550536035236487
rs34559912,chr4:15728523:G:T,Male [Biobank],0.0834,0.019617367076050062,2.125e-05,1.0869765122065929,1.0459755185395652,1.129584695957793
rs34559912,chr4:15728523:G:T,Female [CC],0.1114,0.017118493130782658,7.637e-11,1.1178419542207128,1.0809580740189877,1.1559843666924978
rs34559912,chr4:15728523:G:T,Male [CC],0.1123,0.01500609639100603,7.23e-14,1.1188484648413513,1.0864201781676353,1.152244695407978
rs2061455,chr4:18033627:A:G,Female [ALL],-0.136,0.018921911262187327,6.602e-13,0.8728426324887193,0.8410644844106617,0.9058214622195975
rs2061455,chr4:18033627:A:G,Male [ALL],-0.0855,0.016346934553267304,1.692e-07,0.9180531430541589,0.8891049541951546,0.9479438501549777
rs2061455,chr4:18033627:A:G,Female [EUR],-0.1375,0.019345240456704296,1.18e-12,0.8715343499971578,0.8391073159861807,0.9052145163723944
rs2061455,chr4:18033627:A:G,Male [EUR],-0.0972,0.016838999317710324,7.819e-09,0.907374513081956,0.8779159326137522,0.9378215799541121
rs2061455,chr4:18033627:A:G,Female [AJ],-0.1024,0.09033883156669788,0.257,0.9026684120809421,0.7561888670443427,1.0775221610356625
rs2061455,chr4:18033627:A:G,Male [AJ],0.1089,0.06877026911234108,0.1133,1.1150508396820396,0.9744425379378993,1.2759483773222335
rs2061455,chr4:18033627:A:G,Female [Biobank],-0.1297,0.03142372150241342,3.668e-05,0.8783588990680836,0.8258926363255527,0.9341581721864126
rs2061455,chr4:18033627:A:G,Male [Biobank],-0.0774,0.026820085013779943,0.003903,0.9255195717263659,0.8781240866038438,0.9754731600193488
rs2061455,chr4:18033627:A:G,Female [CC],-0.1393,0.023714669539239293,4.254e-09,0.8699669992060596,0.8304556505174693,0.911358215500125
rs2061455,chr4:18033627:A:G,Male [CC],-0.0904,0.020643766032486147,1.192e-05,0.9135656859018669,0.8773390305626835,0.9512881946242314
rs6812193,chr4:76277833:C:T,Female [ALL],-0.0834,0.016205652178155686,2.656e-07,0.9199830803795124,0.8912207933109567,0.9496736101053568
rs6812193,chr4:76277833:C:T,Male [ALL],-0.1004,0.014315213588479475,2.324e-12,0.9044755554460879,0.8794506580666349,0.9302125399484603
rs6812193,chr4:76277833:C:T,Female [EUR],-0.0825,0.01651764614244252,5.894e-07,0.9208114378568045,0.8914779403191732,0.95111013491186
rs6812193,chr4:76277833:C:T,Male [EUR],-0.0965,0.014656051588134609,4.57e-11,0.9080098975997498,0.8822976033600042,0.9344715105189904
rs6812193,chr4:76277833:C:T,Female [AJ],-0.1099,0.08590798939744924,0.2008,0.8959237231893779,0.757085066087738,1.0602234197028728
rs6812193,chr4:76277833:C:T,Male [AJ],-0.1817,0.0668546099053757,0.006571,0.8338514583336718,0.7314436935702537,0.950597100880477
rs6812193,chr4:76277833:C:T,Female [Biobank],-0.0809,0.023070893227316536,0.0004539,0.9222859154248747,0.8815099842946021,0.9649480152760509
rs6812193,chr4:76277833:C:T,Male [Biobank],-0.1031,0.020116233228230394,2.972e-07,0.9020367652946528,0.8671634319611453,0.9383125440415232
rs6812193,chr4:76277833:C:T,Female [CC],-0.0811,0.022796902987751902,0.0003744,0.9221014766862784,0.8818071216239513,0.9642370904661568
rs6812193,chr4:76277833:C:T,Male [CC],-0.0975,0.020347818164001028,1.654e-06,0.9071023415558017,0.871637438037616,0.9440102296529724
rs356182,chr4:89704960:G:A,Female [ALL],-0.2409,0.016325671668554687,2.819e-49,0.7859202144803235,0.7611701821647666,0.8114750130807064
rs356182,chr4:89704960:G:A,Male [ALL],-0.2437,0.014374079554685464,1.794e-64,0.7837227158136109,0.7619508734383266,0.806116662758807
rs356182,chr4:89704960:G:A,Female [EUR],-0.2411,0.016663036922263473,1.8979999999999998e-47,0.7857630461547838,0.7605149172892741,0.8118493808157584
rs356182,chr4:89704960:G:A,Male [EUR],-0.2414,0.014727921936925533,2.231e-60,0.7855273525967388,0.7631759075694856,0.8085334135386864
rs356182,chr4:89704960:G:A,Female [AJ],-0.2361,0.08153670100382741,0.003784,0.7897016998141811,0.6730659675768131,0.9265492607427607
rs356182,chr4:89704960:G:A,Male [AJ],-0.2906,0.06611844455781994,1.107e-05,0.7478147440985268,0.6569205795215798,0.851285389625664
rs356182,chr4:89704960:G:A,Female [Biobank],-0.2326,0.02286865263799732,2.6679999999999998e-24,0.79247049833446,0.7577342418991883,0.8287991435578019
rs356182,chr4:89704960:G:A,Male [Biobank],-0.2042,0.019953866212449944,1.402e-24,0.8152992950212155,0.7840287583180132,0.847817039119978
rs356182,chr4:89704960:G:A,Female [CC],-0.2441,0.023293859564764062,1.077e-25,0.7834092894167438,0.748446192550196,0.8200056608655759
rs356182,chr4:89704960:G:A,Male [CC],-0.2864,0.02073016956806938,2.052e-43,0.7509621709935039,0.7210612943421186,0.7821029733371108
rs34311866,chr4:958159:T:C,Female [ALL],0.2336,0.016980539616219585,4.628e-43,1.2631391354889765,1.221791399925071,1.3058861567544902
rs34311866,chr4:958159:T:C,Male [ALL],0.1862,0.014939888353465406,1.184e-35,1.2046631689197564,1.1698994662400193,1.2404598791859396
rs34311866,chr4:958159:T:C,Female [EUR],0.2363,0.017331036603290773,2.497e-42,1.266554219443472,1.2242533748423026,1.3103166580992243
rs34311866,chr4:958159:T:C,Male [EUR],0.1852,0.015321721675257043,1.231e-33,1.203459107881694,1.1678558089180369,1.2401478104434804
rs34311866,chr4:958159:T:C,Female [AJ],0.1692,0.08514483553004236,0.0469,1.1843569866357357,1.002318806644489,1.3994564029869616
rs34311866,chr4:958159:T:C,Male [AJ],0.2049,0.06715307473432326,0.002279,1.227402318594102,1.0760317551450729,1.4000669074000196
rs34311866,chr4:958159:T:C,Female [Biobank],0.2137,0.027464996608342607,7.206e-15,1.2382511237294604,1.1733566895938767,1.3067346519735328
rs34311866,chr4:958159:T:C,Male [Biobank],0.1372,0.024303881218898194,1.65e-08,1.1470575370881944,1.0936977573178606,1.2030206559237204
rs34311866,chr4:958159:T:C,Female [CC],0.2482,0.0215568647688353,1.1250000000000001e-30,1.2817162498113672,1.2286899801910287,1.3370309610363258
rs34311866,chr4:958159:T:C,Male [CC],0.2159,0.01893565524070095,4.097e-30,1.2409782749680767,1.195764961496911,1.287901158280194
rs162246,chr5:60994859:G:A,Female [ALL],-0.1817,0.022793116352161455,1.565e-15,0.8338514583336718,0.7974194057502847,0.8719479981942275
rs162246,chr5:60994859:G:A,Male [ALL],-0.1634,0.019965921625513788,2.747e-16,0.8492514198974581,0.8166593638417834,0.8831441922186504
rs162246,chr5:60994859:G:A,Female [EUR],-0.1802,0.02333451394786172,1.141e-14,0.8351031740732804,0.7977694386010109,0.874184040654956
rs162246,chr5:60994859:G:A,Male [EUR],-0.1631,0.020533398772621142,1.971e-15,0.8495062335435631,0.8159962973461337,0.884392298318546
rs162246,chr5:60994859:G:A,Female [AJ],-0.2138,0.10682556898198622,0.04535,0.8075098708477302,0.654961964037556,0.9955878773429471
rs162246,chr5:60994859:G:A,Male [AJ],-0.1671,0.08476655904089704,0.04869,0.8461149956069115,0.7165964301879723,0.9990429140193899
rs162246,chr5:60994859:G:A,Female [Biobank],-0.1495,0.03777522072010338,7.57e-05,0.861138438019701,0.7996833576427747,0.9273162963162119
rs162246,chr5:60994859:G:A,Male [Biobank],-0.1382,0.03300016629728264,2.816e-05,0.8709244894282616,0.816375934600221,0.9291178660935419
rs162246,chr5:60994859:G:A,Female [CC],-0.2034,0.028552748231420677,1.051e-12,0.8159517954225929,0.7715426039041742,0.8629171339137646
rs162246,chr5:60994859:G:A,Male [CC],-0.1779,0.02506886396983767,1.28e-12,0.8370261219159686,0.796892911763454,0.8791805252970457
rs2972853,chr5:76320134:A:G,Female [ALL],0.1284,0.024417402650002397,1.452e-07,1.137007714834504,1.0838742500571836,1.19274587760063
rs2972853,chr5:76320134:A:G,Male [ALL],0.1235,0.02177436987046456,1.413e-08,1.1314500045420788,1.0841781505650172,1.1807829848914657
rs2972853,chr5:76320134:A:G,Female [EUR],0.1251,0.024911396191594794,5.119e-07,1.1332617735780641,1.0792578871997178,1.189967905433191
rs2972853,chr5:76320134:A:G,Male [EUR],0.1188,0.022339122744340852,1.049e-07,1.126144666830592,1.0779006635723092,1.176547944991509
rs2972853,chr5:76320134:A:G,Female [AJ],0.2071,0.1223669046635838,0.09056,1.2301055761880486,0.9677909912584939,1.563519129891106
rs2972853,chr5:76320134:A:G,Male [AJ],0.2101,0.09655018701532661,0.02955,1.2338014339313348,1.0210807584407702,1.4908379829775436
rs2972853,chr5:76320134:A:G,Female [Biobank],0.182,0.03937056984308438,3.787e-06,1.1996141938798683,1.1105258957795878,1.2958493085366714
rs2972853,chr5:76320134:A:G,Male [Biobank],0.0987,0.03534056405595858,0.005225,1.1037351293470299,1.029869911190828,1.1828981723974012
rs2972853,chr5:76320134:A:G,Female [CC],0.112,0.03109612096456297,0.0003161,1.1185128606450452,1.0523771976073035,1.1888047577169205
rs2972853,chr5:76320134:A:G,Male [CC],0.1386,0.027629804710076897,5.267e-07,1.1486645422812756,1.0881136304892933,1.2125849669771553
rs13340407,chr6:111836412:T:C,Female [ALL],-0.1119,0.019714239367257032,1.378e-08,0.8941336663964776,0.8602433977310842,0.9293590808046246
rs13340407,chr6:111836412:T:C,Male [ALL],-0.0565,0.017154138711525237,0.0009889,0.9450664844951467,0.9138195902346272,0.9773818264135651
rs13340407,chr6:111836412:T:C,Female [EUR],-0.109,0.020129935438932607,6.135e-08,0.8967304174982355,0.8620390795335391,0.9328178510209568
rs13340407,chr6:111836412:T:C,Male [EUR],-0.0629,0.01759246362309364,0.0003497,0.939037372731376,0.9072100856773232,0.9719812437136872
rs13340407,chr6:111836412:T:C,Female [AJ],-0.1801,0.09757605224106879,0.06493,0.8351866885663427,0.689803115203779,1.0112114448082037
rs13340407,chr6:111836412:T:C,Male [AJ],0.0648,0.07636043368690106,0.3961,1.0669456139210733,0.9186349598843297,1.2392005451313926
rs13340407,chr6:111836412:T:C,Female [Biobank],-0.1219,0.03341209764974891,0.0002639,0.8852368877653667,0.8291222139315205,0.9451493812289002
rs13340407,chr6:111836412:T:C,Male [Biobank],-0.0222,0.02830155227952686,0.4328,0.9780446065677003,0.9252687506107033,1.0338307132979512
rs13340407,chr6:111836412:T:C,Female [CC],-0.1089,0.0244699792296305,8.573e-06,0.8968200950237868,0.8548227347743228,0.9408807816170324
rs13340407,chr6:111836412:T:C,Male [CC],-0.0763,0.021537840715095184,0.0003962,0.9265382033999733,0.8882392311704688,0.9664885452406845
rs41286192,chr6:132797077:A:G,Female [ALL],0.3083,0.03769910074141538,2.888e-16,1.3611092604714994,1.2641623924940109,1.465490849863301
rs41286192,chr6:132797077:A:G,Male [ALL],0.1863,0.03385140529101983,3.724e-08,1.204783641260165,1.1274418825202521,1.2874309928982337
rs41286192,chr6:132797077:A:G,Female [EUR],0.3063,0.03827689836938291,1.222e-15,1.358389762355172,1.2602086206420606,1.4642200634457039
rs41286192,chr6:132797077:A:G,Male [EUR],0.1873,0.03440771366954088,5.223e-08,1.2059890274940932,1.1273400064893644,1.2901250075966944
rs41286192,chr6:132797077:A:G,Female [AJ],0.3706,0.21659085962919297,0.08707,1.4486035160764794,0.9475097187016827,2.2147025042281627
rs41286192,chr6:132797077:A:G,Male [AJ],0.1547,0.18688735610085064,0.4078,1.1673077162561476,0.8092889810693272,1.6837092019104312
rs41286192,chr6:132797077:A:G,Female [Biobank],0.3545,0.05747173208625942,6.905e-10,1.4254677421972128,1.2736100220015887,1.595432078063755
rs41286192,chr6:132797077:A:G,Male [Biobank],0.1881,0.05362849450155138,0.0004524,1.2069542047355089,1.0865289339482826,1.3407267922770878
rs41286192,chr6:132797077:A:G,Female [CC],0.2828,0.04988708973280132,1.438e-08,1.3268397673251275,1.203244073915245,1.4631310523947831
rs41286192,chr6:132797077:A:G,Male [CC],0.185,0.043619440487897655,2.223e-05,1.2032184401276953,1.1046249843007263,1.3106118684974348
rs41269974,chr6:32652425:G:A,Female [ALL],-0.1744,0.018850638785254538,2.21e-20,0.8399608461141577,0.8094929200187708,0.8715755327278852
rs41269974,chr6:32652425:G:A,Male [ALL],-0.155,0.016200963904130252,1.097e-21,0.8564151774836135,0.8296478965256825,0.8840460625474325
rs41269974,chr6:32652425:G:A,Female [EUR],-0.1767,0.019181499529690626,3.201e-20,0.8380311561622114,0.8071096558580253,0.8701373024114956
rs41269974,chr6:32652425:G:A,Male [EUR],-0.1527,0.01653381561255523,2.5680000000000003e-20,0.8583871993476365,0.8310159599454321,0.8866599674599057
rs41269974,chr6:32652425:G:A,Female [AJ],-0.1092,0.1014390711775303,0.2817,0.8965510893481485,0.7349001939690555,1.0937592103087643
rs41269974,chr6:32652425:G:A,Male [AJ],-0.2087,0.08063419547877097,0.009647,0.8116386907305416,0.6929877039701996,0.9506046940179419
rs41269974,chr6:32652425:G:A,Female [Biobank],-0.1309,0.030267595619383487,1.527e-05,0.8773055005547178,0.8267735128614845,0.9309259783126501
rs41269974,chr6:32652425:G:A,Male [Biobank],-0.0904,0.02605280924959476,0.0005207,0.9135656859018669,0.868086854856358,0.9614271403700151
rs41269974,chr6:32652425:G:A,Female [CC],-0.2007,0.024037206025020536,6.852e-17,0.8181578420930659,0.7805059436999758,0.8576260821348601
rs41269974,chr6:32652425:G:A,Male [CC],-0.1957,0.02068295126141046,3.024e-21,0.8222588753428399,0.7895922670038064,0.8562769499322016
rs6455344,chr6:69800237:T:G,Female [ALL],0.0618,0.01364803979800021,5.951e-06,1.0637495735369162,1.0356713274393008,1.0925890533223155
rs6455344,chr6:69800237:T:G,Male [ALL],0.068,0.011897530284115459,1.094e-08,1.0703653084787743,1.0456940635996252,1.0956186263992407
rs6455344,chr6:69800237:T:G,Female [EUR],0.0576,0.013848425988787074,3.192e-05,1.0592911944779004,1.030925646989197,1.0884372097788888
rs6455344,chr6:69800237:T:G,Male [EUR],0.0694,0.01211336497621498,1.009e-08,1.071864869358332,1.0467161682568527,1.0976178003229509
rs6455344,chr6:69800237:T:G,Female [AJ],0.1997,0.07957739985893583,0.01209,1.22103639229035,1.0446984678599416,1.4271389469457096
rs6455344,chr6:69800237:T:G,Male [AJ],0.0299,0.06226842423015111,0.6311,1.0303514936522224,0.911971890237249,1.1640975032631595
rs6455344,chr6:69800237:T:G,Female [Biobank],0.062,0.02237673750260373,0.005593,1.0639623447280335,1.0183071528692151,1.1116644597944447
rs6455344,chr6:69800237:T:G,Male [Biobank],0.0564,0.01952579309886631,0.003871,1.0580208074292026,1.0182947815626633,1.0992966371047406
rs6455344,chr6:69800237:T:G,Female [CC],0.0657,0.01723223285552242,0.0001375,1.067906297216239,1.0324398872769702,1.1045910504697107
rs6455344,chr6:69800237:T:G,Male [CC],0.0748,0.014997060159698952,6.112e-07,1.0776685956107004,1.0464523844783662,1.109816002325282
rs1637192,chr7:23220895:G:A,Female [ALL],-0.068,0.013846448275049458,9.061e-07,0.9342604735772135,0.9092465053006509,0.9599625925426084
rs1637192,chr7:23220895:G:A,Male [ALL],-0.1015,0.01210240096925404,4.997e-17,0.9034811793422207,0.8823021518038082,0.9251685941791972
rs1637192,chr7:23220895:G:A,Female [EUR],-0.0713,0.014071921036624612,4.045e-07,0.9311824954715477,0.905850529313975,0.9572228660387246
rs1637192,chr7:23220895:G:A,Male [EUR],-0.1033,0.0123350371814931,5.545e-17,0.9018563759811266,0.8803139507876392,0.9239259722853316
rs1637192,chr7:23220895:G:A,Female [AJ],0.0339,0.07848686726133383,0.6658,1.0344811534401956,0.8869787449320548,1.2065128538169587
rs1637192,chr7:23220895:G:A,Male [AJ],-0.0551,0.06279003013691153,0.3802,0.9463905041709565,0.8368014448227482,1.0703315486921459
rs1637192,chr7:23220895:G:A,Female [Biobank],-0.0464,0.022532441635285484,0.03947,0.9546600217990092,0.9134162519292424,0.9977660845166181
rs1637192,chr7:23220895:G:A,Male [Biobank],-0.0697,0.019667394627755956,0.0003942,0.932673580013838,0.8974049285072792,0.9693283145912356
rs1637192,chr7:23220895:G:A,Female [CC],-0.0839,0.01756569121967365,1.785e-06,0.9195232038180436,0.8884039375497127,0.9517325246124164
rs1637192,chr7:23220895:G:A,Male [CC],-0.1208,0.015345935991607178,3.496e-15,0.8862111841066548,0.8599525767718733,0.9132715966546384
rs1293296,chr8:11853648:A:C,Female [ALL],-0.1065,0.015565101817616887,7.797e-12,0.8989750481612314,0.871963599565032,0.9268232499838603
rs1293296,chr8:11853648:A:C,Male [ALL],-0.0794,0.013492638646414418,3.988e-09,0.9236703823886473,0.8995635553783865,0.9484232328010658
rs1293296,chr8:11853648:A:C,Female [EUR],-0.1106,0.015831062095300465,2.823e-12,0.8952967960332495,0.8679433063613785,0.9235123390117654
rs1293296,chr8:11853648:A:C,Male [EUR],-0.0748,0.01377865288156433,5.677e-08,0.9279290535819253,0.9032046122015092,0.9533303050597609
rs1293296,chr8:11853648:A:C,Female [AJ],0.0118,0.08485334502857239,0.8894,1.011869894648401,0.8568327334634004,1.1949598138683868
rs1293296,chr8:11853648:A:C,Male [AJ],-0.1834,0.06580142879851805,0.005317,0.8324351150873666,0.7317101594667821,0.9470255563152059
rs1293296,chr8:11853648:A:C,Female [Biobank],-0.0803,0.02562163960483134,0.001724,0.9228394530188017,0.8776403322595755,0.9703663616454649
rs1293296,chr8:11853648:A:C,Male [Biobank],-0.0585,0.02210051361630967,0.008121,0.9431782403996666,0.9031948151579958,0.9849316871995066
rs1293296,chr8:11853648:A:C,Female [CC],-0.1183,0.01956564956472653,1.482e-09,0.8884294837861565,0.8550043920595092,0.9231612784576197
rs1293296,chr8:11853648:A:C,Male [CC],-0.0918,0.017034934383950852,7.088e-08,0.9122875888183186,0.8823305928372569,0.9432616883833369
rs620490,chr8:16840070:T:G,Female [ALL],-0.0906,0.015594573912823885,6.258e-09,0.9133829910347823,0.8858874528169692,0.9417319160112441
rs620490,chr8:16840070:T:G,Male [ALL],-0.0994,0.013462163998881248,1.54e-13,0.9053804833900955,0.8818036723699973,0.929587668307802
rs620490,chr8:16840070:T:G,Female [EUR],-0.0907,0.015811454577484323,9.674e-09,0.9132916573024414,0.8854224077319489,0.9420381097366066
rs620490,chr8:16840070:T:G,Male [EUR],-0.0978,0.013718350040952851,1.01e-12,0.9068302516688587,0.8827723145189587,0.9315438327831075
rs620490,chr8:16840070:T:G,Female [AJ],-0.0858,0.09307239004940056,0.3566,0.9177777684195031,0.7647380787525929,1.1014438218887073
rs620490,chr8:16840070:T:G,Male [AJ],-0.1427,0.07061881240508688,0.04331,0.8670141341239913,0.7549431184942789,0.9957220489274137
rs620490,chr8:16840070:T:G,Female [Biobank],-0.1194,0.02628154925884843,5.543e-06,0.8874527486568003,0.8428958828071467,0.9343649638857061
rs620490,chr8:16840070:T:G,Male [Biobank],-0.0595,0.022357510120583984,0.007784,0.9422355335912301,0.9018376898581972,0.9844429998279921
rs620490,chr8:16840070:T:G,Female [CC],-0.0695,0.019351330645513486,0.0003288,0.932860133384556,0.8981406401600495,0.9689217807838829
rs620490,chr8:16840070:T:G,Male [CC],-0.1221,0.016865003482060218,4.492e-13,0.8850598580913711,0.8562820950613639,0.9148047786151386
rs76856898,chr8:22647951:G:C,Female [ALL],-0.035,0.014831154526898751,0.01828,0.9656054162575666,0.9379402204477753,0.9940866161606983
rs76856898,chr8:22647951:G:C,Male [ALL],-0.0756,0.012969964085625191,5.581e-09,0.9271870071971895,0.9039139333371625,0.9510592929367089
rs76856898,chr8:22647951:G:C,Female [EUR],-0.0351,0.015066071461883147,0.01982,0.9655088605438069,0.9374147111350662,0.9944449865309234
rs76856898,chr8:22647951:G:C,Male [EUR],-0.0764,0.01321973736931715,7.504e-09,0.9264455542121699,0.9027490372904977,0.9507640877641832
rs76856898,chr8:22647951:G:C,Female [AJ],-0.0328,0.08697980101357086,0.7061,0.9677320866530111,0.8160493809437528,1.1476087273722726
rs76856898,chr8:22647951:G:C,Male [AJ],-0.0549,0.06677734443332128,0.411,0.9465798012008627,0.8304532897078125,1.0789448740178016
rs76856898,chr8:22647951:G:C,Female [Biobank],0.0095,0.024491698065422646,0.6981,1.0095452682358568,0.9622281173463456,1.0591892195253347
rs76856898,chr8:22647951:G:C,Male [Biobank],-0.0421,0.021402848960324176,0.04918,0.9587738983886165,0.9193856681806685,0.9998495952741605
rs76856898,chr8:22647951:G:C,Female [CC],-0.0622,0.0186294270660656,0.0008414,0.9396949290101353,0.9060020800784281,0.9746407641039015
rs76856898,chr8:22647951:G:C,Male [CC],-0.0952,0.016326223714080174,5.506e-09,0.909191078067584,0.8805580731496243,0.9387551390914738
rs330047,chr8:9228882:T:A,Female [ALL],-0.0842,0.014734339645652012,1.1e-08,0.9192473882313049,0.8930798309814313,0.9461816642320353
rs330047,chr8:9228882:T:A,Male [ALL],-0.0327,0.012296803090795162,0.007832,0.9678288647004982,0.9447813687664656,0.991438593428688
rs330047,chr8:9228882:T:A,Female [EUR],-0.0877,0.014973893467920612,4.717e-09,0.9160356461997033,0.8895417547140694,0.9433186251928463
rs330047,chr8:9228882:T:A,Male [EUR],-0.0315,0.01254202261432397,0.01202,0.9689909564537398,0.9454612604057071,0.99310623608864
rs330047,chr8:9228882:T:A,Female [AJ],0.0224,0.08258113624762434,0.7862,1.0226527637746343,0.8698286619246055,1.2023272180315283
rs330047,chr8:9228882:T:A,Male [AJ],-0.0659,0.06473772380259392,0.3087,0.9362244820588583,0.824658482752162,1.0628839685019047
rs330047,chr8:9228882:T:A,Female [Biobank],-0.0935,0.0255019338968724,0.000246,0.9107380174261992,0.8663348429818933,0.957417034654278
rs330047,chr8:9228882:T:A,Male [Biobank],-0.0427,0.019601993623762252,0.02938,0.9581988065943743,0.9220831201314749,0.9957290540444659
rs330047,chr8:9228882:T:A,Female [CC],-0.0815,0.01806730653193249,6.455e-06,0.9217327098538872,0.8896635505640329,0.9549578465656625
rs330047,chr8:9228882:T:A,Male [CC],-0.0262,0.015785285102916016,0.09696,0.9741402420762304,0.9444626299334119,1.0047504063757833
rs10810835,chr9:17724258:A:G,Female [ALL],0.0896,0.015387863813319668,5.788e-09,1.093736701514001,1.0612418584210048,1.1272265249870674
rs10810835,chr9:17724258:A:G,Male [ALL],0.0771,0.013462068781848927,1.021e-08,1.08015008600063,1.052022335114501,1.1090298840092432
rs10810835,chr9:17724258:A:G,Female [EUR],0.0914,0.015602524234139962,4.684e-09,1.0957072004937733,1.0627066026867416,1.1297325773441158
rs10810835,chr9:17724258:A:G,Male [EUR],0.0763,0.013692563212491255,2.513e-08,1.0792863114877025,1.050706269956352,1.1086437527522512
rs10810835,chr9:17724258:A:G,Female [AJ],0.0253,0.09390248343001786,0.7876,1.025622761204381,0.8532106009582069,1.2328750335721907
rs10810835,chr9:17724258:A:G,Male [AJ],0.0969,0.07165911715404961,0.1763,1.1017501930927667,0.9573828937142994,1.2678871702737826
rs10810835,chr9:17724258:A:G,Female [Biobank],0.0608,0.02542112191607666,0.01677,1.062686355660919,1.0110350428845305,1.1169764079452011
rs10810835,chr9:17724258:A:G,Male [Biobank],0.0784,0.02217953806468951,0.0004081,1.0815551942348969,1.035545256004283,1.129609383456678
rs10810835,chr9:17724258:A:G,Female [CC],0.1033,0.01936232301603251,9.549e-08,1.1088240063858321,1.0675324319624206,1.1517127164721195
rs10810835,chr9:17724258:A:G,Male [CC],0.0763,0.016929940832406835,6.581e-06,1.0792863114877025,1.0440603726199413,1.1157007513288335
rs10514827,chr9:33721937:A:G,Female [ALL],0.0905,0.01557129845883064,6.174e-09,1.0947215076416466,1.0618155808117042,1.128647197262892
rs10514827,chr9:33721937:A:G,Male [ALL],0.0494,0.013576214881223876,0.000274,1.0506405229091555,1.0230523092334909,1.078972696133071
rs10514827,chr9:33721937:A:G,Female [EUR],0.0922,0.01577755237496766,5.104e-09,1.0965841169739916,1.0631923119522213,1.1310246623130844
rs10514827,chr9:33721937:A:G,Male [EUR],0.0496,0.013814705183292076,0.0003302,1.050850672027949,1.022778739692472,1.079693087122272
rs10514827,chr9:33721937:A:G,Female [AJ],0.0265,0.0970449878963862,0.7848,1.0268542472616822,0.8489897410803805,1.2419816095510685
rs10514827,chr9:33721937:A:G,Male [AJ],0.0437,0.07327149212630098,0.5509,1.044668907201481,0.9049169345090876,1.2060036496781652
rs10514827,chr9:33721937:A:G,Female [Biobank],0.0745,0.02561406856834768,0.003631,1.0773453435222549,1.024593988774551,1.132812608628799
rs10514827,chr9:33721937:A:G,Male [Biobank],0.0397,0.02233351592805377,0.07547,1.040498577791932,0.99593459500543,1.0870566157822148
rs10514827,chr9:33721937:A:G,Female [CC],0.0993,0.019635272152174792,4.254e-07,1.1043975691367018,1.0627021542919222,1.1477289151895407
rs10514827,chr9:33721937:A:G,Male [CC],0.0552,0.017128632879407128,0.00127,1.0567519439306503,1.0218634574279777,1.092831593970486
